annee_numero_de_tirage;date_de_tirage;boule_1;boule_2;boule_3;boule_4;boule_5;numero_chance
20222142;2022-11-26;5;7;28;23;2;5
20222140;2022-11-21;45;33;47;15;23;7
20222137;2022-11-14;28;23;34;44;14;5
20222129;2022-10-26;45;30;4;2;23;5
20222128;2022-10-24;43;28;33;37;29;1
20222120;2022-05-10;32;23;39;35;14;7
20222119;2022-03-10;20;40;31;7;23;1
20222112;2022-09-17;12;17;1;20;3;3
20222111;2022-09-14;40;10;38;26;45;1
20222110;2022-12-09;4;49;20;7;21;10
20222109;2022-10-09;25;3;8;49;24;5
20222106;2022-03-09;35;24;44;38;32;6
20222097;2022-08-13;17;38;37;11;39;2
20222095;2022-08-08;41;22;3;37;40;2
20222093;2022-03-08;45;10;5;40;32;5
20222092;2022-01-08;38;1;4;23;30;6
20222091;2022-07-30;14;21;24;2;38;6
20222089;2022-07-25;26;42;13;7;24;2
20222088;2022-07-23;15;47;39;25;41;9
20222087;2022-07-20;29;21;31;47;17;4
20222085;2022-07-16;3;33;4;49;14;3
20222081;2022-06-07;43;16;10;25;44;4
20222076;2022-06-25;2;47;40;31;49;9
20222075;2022-06-22;17;40;10;27;23;2
20222073;2022-06-18;31;1;12;32;28;9
20222072;2022-06-15;11;37;44;13;21;6
20222071;2022-06-13;44;45;46;43;31;10
20222068;2022-06-06;20;5;22;23;18;5
20222143;2022-11-28;24;46;9;2;13;6
20222067;2022-04-06;9;23;17;42;6;5
20222139;2022-11-19;40;24;19;1;28;8
20222066;2022-01-06;33;4;35;22;2;7
20222135;2022-09-11;15;2;1;41;30;9
20222062;2022-05-23;30;26;48;41;47;6
20222134;2022-07-11;24;8;9;40;31;7
20222061;2022-05-21;1;12;41;7;21;4
20222132;2022-02-11;45;7;38;4;26;2
20222055;2022-07-05;23;37;38;7;15;3
20222127;2022-10-22;12;2;25;35;7;10
20222053;2022-02-05;46;20;13;47;8;7
20222126;2022-10-19;35;16;38;46;25;8
20222048;2022-04-20;45;46;4;13;33;7
20222124;2022-10-15;31;16;27;24;46;1
20222047;2022-04-18;10;39;33;9;47;5
20222122;2022-10-10;19;40;32;13;46;7
20222044;2022-11-04;32;3;22;18;17;10
20222121;2022-08-10;17;20;48;16;34;7
20222043;2022-09-04;3;15;13;29;40;10
20222118;2022-01-10;8;7;35;36;26;2
20222035;2022-03-21;10;26;46;35;5;9
20222117;2022-09-28;12;39;26;14;29;10
20222031;2022-12-03;16;47;33;21;5;5
20222116;2022-09-26;29;49;35;18;39;1
20222030;2022-09-03;32;8;21;41;25;4
20222115;2022-09-24;25;6;32;7;4;10
20222029;2022-07-03;8;27;29;15;41;4
20222114;2022-09-21;3;12;22;9;37;10
20222027;2022-02-03;46;4;3;43;22;6
20222113;2022-09-19;5;7;44;15;33;1
20222023;2022-02-21;2;6;10;32;17;5
20222103;2022-08-27;32;39;22;11;34;3
20222021;2022-02-16;22;24;41;21;32;2
20222101;2022-08-22;39;46;2;9;44;9
20222019;2022-12-02;45;22;28;40;37;10
20222099;2022-08-17;16;5;14;29;17;3
20222017;2022-07-02;37;15;18;31;46;3
20222096;2022-10-08;15;35;11;28;9;2
20222014;2022-01-31;25;32;31;36;10;8
20222094;2022-06-08;37;28;23;38;6;1
20222012;2022-01-26;14;16;33;38;45;10
20222080;2022-04-07;18;20;4;12;26;8
20222009;2022-01-19;44;27;41;8;43;6
20222077;2022-06-27;34;31;36;24;37;1
20222007;2022-01-15;19;10;30;13;47;8
20222069;2022-08-06;38;33;39;27;26;5
20222006;2022-12-01;23;20;1;26;44;4
20222060;2022-05-18;14;23;22;45;36;7
20211155;2021-12-27;32;20;6;12;14;8
20222059;2022-05-16;21;33;4;14;32;1
20211154;2021-12-25;6;25;48;21;37;10
20222056;2022-09-05;6;33;7;9;15;2
20211151;2021-12-18;10;46;2;31;38;8
20222051;2022-04-27;8;13;1;43;31;10
20211149;2021-12-13;23;38;36;18;19;1
20222046;2022-04-16;4;41;30;27;21;6
20211148;2021-11-12;16;45;34;42;26;9
20222045;2022-04-13;36;29;44;46;35;8
20211146;2021-06-12;29;16;36;7;15;6
20222042;2022-06-04;6;20;48;12;38;7
20211145;2021-04-12;23;18;34;5;44;5
20222040;2022-02-04;15;6;11;28;24;10
20211139;2021-11-20;44;9;18;17;42;8
20222039;2022-03-30;12;34;16;26;10;7
20211134;2021-08-11;44;32;11;48;7;3
20222038;2022-03-28;16;48;21;5;26;10
20211129;2021-10-27;41;16;44;27;15;9
20222037;2022-03-26;40;10;37;34;12;5
20211128;2021-10-25;31;48;43;37;3;10
20222036;2022-03-23;20;2;29;39;18;10
20211123;2021-10-13;21;20;19;43;49;10
20222034;2022-03-19;44;38;33;49;41;7
20211122;2021-11-10;26;7;1;9;28;3
20222026;2022-02-28;43;9;21;36;27;2
20211121;2021-09-10;22;29;19;15;34;3
20222022;2022-02-19;32;24;49;39;40;1
20211117;2021-09-29;6;39;28;13;33;10
20222020;2022-02-14;26;13;29;15;20;5
20211116;2021-09-27;12;26;31;40;37;3
20222018;2022-09-02;44;48;31;46;21;1
20211115;2021-09-25;20;35;49;18;16;1
20222016;2022-05-02;48;31;24;11;38;9
20211108;2021-08-09;7;34;27;12;15;4
20222015;2022-02-02;11;37;49;28;40;4
20211106;2021-04-09;41;49;30;45;35;3
20222013;2022-01-29;42;29;25;46;8;9
20211105;2021-01-09;49;27;32;24;17;7
20222011;2022-01-24;15;38;7;4;40;2
20211104;2021-08-30;32;34;18;44;3;9
20222005;2022-10-01;14;43;34;41;35;9
20211091;2021-07-31;22;6;46;7;17;3
20211152;2021-12-20;22;23;12;47;25;1
20211090;2021-07-28;1;28;3;29;8;6
20211141;2021-11-24;14;34;39;24;47;8
20211085;2021-07-17;31;8;47;11;17;6
20211140;2021-11-22;19;12;8;41;16;5
20211084;2021-07-14;36;18;38;31;29;10
20211138;2021-11-17;37;40;36;4;43;6
20211082;2021-10-07;43;3;38;42;46;1
20211137;2021-11-15;34;7;8;41;42;8
20211081;2021-07-07;37;18;8;44;46;2
20211136;2021-11-13;39;13;12;31;26;6
20211076;2021-06-26;37;24;38;13;45;6
20211135;2021-10-11;31;12;9;40;41;2
20222144;2022-11-30;44;18;28;49;30;5
20211075;2021-06-23;1;16;6;3;40;1
20211133;2021-06-11;19;2;18;22;4;3
20222141;2022-11-23;46;36;45;15;19;4
20211071;2021-06-14;40;12;47;21;19;7
20211131;2021-01-11;47;27;26;43;1;6
20222138;2022-11-16;1;8;48;38;3;1
20211065;2021-05-31;25;3;13;32;47;9
20211127;2021-10-23;6;36;35;10;48;9
20222136;2022-12-11;14;44;34;25;4;7
20211064;2021-05-29;32;4;36;44;9;3
20211120;2021-06-10;44;34;20;8;41;2
20222133;2022-05-11;40;6;38;23;32;10
20211062;2021-05-24;11;44;47;29;7;9
20211118;2021-02-10;6;46;35;20;8;9
20222131;2022-10-31;34;25;45;44;4;7
20211057;2021-12-05;19;11;22;36;9;1
20211114;2021-09-22;5;40;13;14;9;1
20222130;2022-10-29;33;28;48;44;26;4
20211052;2021-01-05;27;25;5;34;38;7
20211109;2021-11-09;5;3;49;33;15;8
20222125;2022-10-17;38;49;20;16;40;2
20211051;2021-04-28;4;15;10;49;12;6
20211103;2021-08-28;48;43;46;11;8;9
20222123;2022-12-10;17;44;7;40;39;3
20211050;2021-04-26;2;34;41;32;8;6
20211102;2021-08-25;19;9;29;26;3;8
20222108;2022-07-09;20;35;30;3;29;9
20211048;2021-04-21;45;31;6;49;39;4
20211101;2021-08-23;13;22;31;11;21;6
20222107;2022-05-09;5;1;35;27;40;4
20211047;2021-04-19;49;17;36;44;27;1
20211100;2021-08-21;46;8;2;19;29;2
20222105;2022-08-31;9;39;10;15;45;7
20211046;2021-04-17;38;37;17;34;30;1
20211099;2021-08-18;4;7;12;24;25;2
20222104;2022-08-29;5;10;28;34;22;4
20211044;2021-12-04;43;14;26;7;11;7
20211098;2021-08-16;22;27;13;10;49;4
20222102;2022-08-24;39;42;36;27;22;10
20211043;2021-10-04;9;35;15;8;4;8
20211096;2021-11-08;43;13;21;5;6;4
20222100;2022-08-20;21;38;17;1;46;2
20211042;2021-07-04;35;19;9;16;43;4
20211095;2021-09-08;37;43;45;28;38;3
20222098;2022-08-15;34;4;48;42;22;3
20211041;2021-05-04;32;22;2;12;15;8
20211093;2021-04-08;21;36;22;20;44;10
20222090;2022-07-27;13;43;31;47;46;10
20211039;2021-03-31;2;27;24;35;22;5
20211092;2021-02-08;24;44;46;42;7;2
20222086;2022-07-18;18;29;49;37;5;8
20211038;2021-03-29;41;28;18;13;38;1
20211089;2021-07-26;42;5;34;21;37;10
20222084;2022-07-13;30;48;7;31;46;3
20211035;2021-03-22;15;6;34;39;24;4
20211083;2021-12-07;38;31;8;37;30;1
20222083;2022-11-07;10;5;49;47;1;1
20211034;2021-03-20;42;18;14;4;27;3
20211078;2021-06-30;8;44;6;48;31;9
20222082;2022-09-07;37;24;34;9;8;2
20211032;2021-03-15;29;38;33;15;41;2
20211072;2021-06-16;22;23;35;46;3;9
20222079;2022-02-07;32;20;22;46;34;9
20211028;2021-06-03;11;22;3;13;30;8
20211068;2021-07-06;6;28;34;7;11;8
20222078;2022-06-29;16;47;43;24;26;9
20211024;2021-02-24;47;18;41;10;19;2
20211067;2021-05-06;45;16;6;37;25;9
20222074;2022-06-20;27;47;23;48;14;3
20211017;2021-08-02;19;10;9;29;5;8
20211066;2021-02-06;33;34;25;3;26;6
20222070;2022-11-06;7;28;4;11;10;8
20211013;2021-01-30;17;5;33;9;37;4
20211060;2021-05-19;28;17;41;3;23;3
20222065;2022-05-30;22;12;38;13;14;2
20211011;2021-01-25;13;31;49;7;3;5
20211056;2021-10-05;44;12;13;17;27;10
20222064;2022-05-28;20;27;21;26;7;7
20211009;2021-01-20;21;11;22;40;32;9
20211053;2021-03-05;44;8;11;48;37;6
20222063;2022-05-25;37;30;24;27;45;10
20211004;2021-09-01;49;12;27;11;7;1
20211049;2021-04-24;41;12;26;42;36;7
20222058;2022-05-14;4;44;29;32;24;4
20200156;2020-12-28;41;34;42;22;1;5
20211045;2021-04-14;27;25;20;23;47;6
20222057;2022-11-05;23;45;7;2;46;10
20200154;2020-12-23;5;3;39;31;38;9
20211040;2021-03-04;17;1;38;2;45;2
20222054;2022-04-05;37;30;17;12;41;2
20200153;2020-12-21;10;31;36;37;44;5
20211036;2021-03-24;22;38;28;37;9;10
20222052;2022-04-30;6;27;5;21;47;9
20200144;2020-11-30;28;9;26;29;18;3
20211033;2021-03-17;45;18;46;3;30;3
20222050;2022-04-25;31;36;42;23;8;7
20200141;2020-11-23;15;20;12;6;1;1
20211027;2021-03-03;38;8;41;49;19;7
20222049;2022-04-23;44;20;11;9;42;4
20200139;2020-11-18;28;11;14;43;41;8
20211026;2021-01-03;4;14;21;47;8;9
20222041;2022-04-04;23;22;33;36;10;6
20200134;2020-07-11;45;5;48;42;30;9
20211014;2021-01-02;1;18;45;17;21;9
20222033;2022-03-16;1;49;12;39;24;3
20200132;2020-02-11;42;43;38;33;31;3
20211012;2021-01-27;27;44;25;23;6;6
20222032;2022-03-14;11;5;32;49;9;6
20200131;2020-10-31;22;35;9;28;13;5
20211010;2021-01-23;1;19;13;24;48;5
20222028;2022-05-03;37;26;36;14;1;3
20200127;2020-10-21;35;48;33;21;15;1
20211008;2021-01-18;5;43;10;48;25;10
20222025;2022-02-26;29;39;28;22;30;3
20200125;2020-10-17;28;23;24;9;20;4
20211006;2021-01-13;32;42;30;17;41;5
20222024;2022-02-23;33;15;6;12;14;8
20200123;2020-12-10;18;7;21;42;11;3
20211002;2021-04-01;31;39;30;49;19;8
20222010;2022-01-22;26;3;39;17;30;8
20200121;2020-07-10;17;30;6;49;19;2
20200155;2020-12-26;31;3;40;35;2;7
20222008;2022-01-17;4;27;5;15;22;9
20200120;2020-05-10;6;22;19;5;9;5
20200152;2020-12-19;30;29;49;23;10;5
20222004;2022-08-01;22;42;43;17;25;10
20200119;2020-03-10;31;36;9;33;18;2
20200151;2020-12-16;21;6;41;17;16;9
20222003;2022-05-01;17;45;30;32;6;4
20200118;2020-09-30;26;24;49;32;2;5
20200149;2020-12-12;14;31;9;45;23;6
20222002;2022-03-01;33;36;34;38;22;5
20200114;2020-09-21;46;41;38;19;16;9
20200148;2020-09-12;47;17;48;39;24;7
20222001;2022-01-01;30;36;14;6;39;5
20200111;2020-09-14;23;49;5;13;32;2
20200146;2020-05-12;34;20;14;35;9;1
20211156;2021-12-29;21;18;33;49;48;7
20200110;2020-12-09;16;46;12;21;24;2
20200145;2020-02-12;23;14;40;46;27;1
20211153;2021-12-22;41;20;46;11;24;1
20200104;2020-08-29;23;15;38;21;39;4
20200140;2020-11-21;49;17;44;5;46;4
20211150;2021-12-15;34;47;11;37;38;8
20200084;2020-07-13;24;3;35;46;2;8
20200138;2020-11-16;7;47;16;33;42;7
20211147;2021-08-12;28;26;1;30;16;4
20200083;2020-11-07;32;6;35;28;40;7
20200133;2020-04-11;29;10;16;14;9;1
20211144;2021-01-12;26;18;3;49;46;6
20200075;2020-06-22;9;36;5;21;39;5
20200130;2020-10-28;25;43;30;2;19;9
20211143;2021-11-29;30;26;35;44;31;4
20200074;2020-06-20;8;24;33;38;14;5
20200128;2020-10-24;8;25;4;12;45;2
20211142;2021-11-27;25;28;46;12;27;4
20200064;2020-05-27;29;6;12;44;31;6
20200126;2020-10-19;7;35;48;28;25;1
20211132;2021-03-11;7;39;31;38;42;10
20200061;2020-05-20;45;14;39;20;47;8
20200124;2020-10-14;19;42;32;26;39;6
20211130;2021-10-30;46;11;43;12;30;9
20200059;2020-05-16;26;27;41;46;19;4
20200116;2020-09-26;4;31;49;8;39;9
20211126;2021-10-20;26;35;16;22;42;4
20200055;2020-06-05;48;36;14;15;10;3
20200109;2020-09-09;24;48;20;29;45;3
20211125;2021-10-18;41;27;36;35;9;6
20200051;2020-04-27;41;11;19;29;14;9
20200107;2020-05-09;22;15;19;24;46;3
20211124;2021-10-16;23;15;46;5;37;10
20200043;2020-08-04;16;9;19;26;6;9
20200106;2020-02-09;14;23;21;47;3;3
20211119;2021-04-10;44;15;5;19;7;1
20200040;2020-01-04;41;48;42;28;3;6
20200105;2020-08-31;7;16;17;4;11;10
20211113;2021-09-20;12;10;45;15;31;5
20200039;2020-03-30;21;37;12;17;23;7
20200103;2020-08-26;13;45;4;40;31;3
20211112;2021-09-18;39;38;21;2;9;2
20200038;2020-03-28;35;23;26;32;22;5
20200100;2020-08-19;35;11;13;4;34;1
20211111;2021-09-15;48;22;4;30;27;7
20200037;2020-03-25;40;45;24;32;34;1
20200099;2020-08-17;6;1;39;48;40;6
20211110;2021-09-13;4;30;24;21;40;4
20200036;2020-03-23;28;49;5;48;21;2
20200098;2020-08-15;5;41;3;42;15;7
20211107;2021-06-09;3;31;36;13;40;9
20200035;2020-03-21;16;37;8;7;42;8
20200093;2020-03-08;43;48;42;23;30;7
20211097;2021-08-14;4;28;42;49;35;7
20200024;2020-02-24;20;15;27;9;47;7
20200092;2020-01-08;17;18;25;38;9;9
20211094;2021-07-08;7;24;36;6;47;10
20200018;2020-10-02;15;49;37;25;38;8
20200089;2020-07-25;18;10;6;15;48;4
20211088;2021-07-24;24;40;5;31;22;9
20200017;2020-08-02;47;31;12;45;7;10
20200088;2020-07-22;4;28;38;20;18;1
20211087;2021-07-21;27;25;6;37;32;9
20200013;2020-01-29;31;30;6;14;45;8
20200087;2020-07-20;8;42;22;28;26;2
20211086;2021-07-19;3;28;15;4;2;5
20200012;2020-01-27;27;12;10;7;41;1
20200082;2020-08-07;30;48;37;9;26;8
20211080;2021-05-07;43;36;3;32;45;2
20200011;2020-01-25;36;17;30;7;11;5
20200078;2020-06-29;21;29;20;47;46;7
20211079;2021-03-07;33;48;13;2;19;2
20200010;2020-01-22;25;28;42;26;12;10
20200076;2020-06-24;36;8;31;34;17;7
20211077;2021-06-28;4;28;48;8;15;1
20200005;2020-11-01;48;14;2;23;13;3
20200073;2020-06-17;26;13;10;20;46;1
20211074;2021-06-21;44;21;25;18;47;10
20200001;2020-01-01;11;7;32;24;4;10
20200070;2020-10-06;47;36;20;11;9;2
20211073;2021-06-19;3;44;46;27;14;6
20199153;2019-12-23;37;36;32;20;7;2
20200065;2020-05-30;5;14;42;44;16;9
20211070;2021-12-06;9;2;5;29;10;1
20199148;2019-11-12;25;33;48;1;40;8
20200063;2020-05-25;9;26;30;42;36;4
20211069;2021-09-06;16;33;41;2;24;8
20199147;2019-09-12;1;34;15;24;25;8
20200062;2020-05-23;22;28;3;23;29;2
20211063;2021-05-26;20;1;22;5;42;6
20199146;2019-07-12;40;29;44;38;10;8
20200053;2020-02-05;43;22;12;30;9;4
20211061;2021-05-22;9;2;45;19;7;10
20199145;2019-04-12;8;30;26;35;40;2
20200050;2020-04-25;49;6;24;13;10;3
20211059;2021-05-17;23;42;3;17;47;4
20199142;2019-11-27;44;2;15;29;18;4
20200048;2020-04-20;37;5;9;7;41;6
20211058;2021-05-15;7;31;29;24;47;3
20199135;2019-11-11;28;14;27;13;25;5
20200045;2020-04-13;42;1;19;23;17;9
20211055;2021-08-05;41;35;40;6;24;6
20199133;2019-06-11;43;27;23;44;42;10
20200042;2020-06-04;23;29;18;35;7;4
20211054;2021-05-05;36;48;46;41;8;6
20200033;2020-03-16;44;16;4;40;23;3
20211037;2021-03-27;16;11;18;8;10;5
20200031;2020-11-03;38;45;5;14;46;1
20211031;2021-03-13;47;22;19;4;10;8
20200029;2020-07-03;5;35;37;4;24;2
20211030;2021-10-03;26;42;33;20;34;9
20200028;2020-04-03;10;17;33;30;49;4
20211029;2021-08-03;24;8;38;19;40;10
20200027;2020-02-03;42;26;21;39;40;5
20211025;2021-02-27;4;29;42;43;11;10
20200026;2020-02-29;37;24;19;10;5;6
20211023;2021-02-22;3;37;26;15;24;7
20200025;2020-02-26;20;6;30;32;45;4
20211022;2021-02-20;21;36;19;39;49;5
20200019;2020-12-02;47;38;17;30;43;5
20211021;2021-02-17;34;31;35;41;29;8
20200009;2020-01-20;13;38;31;30;26;1
20211020;2021-02-15;13;22;17;6;12;7
20200007;2020-01-15;35;19;8;22;46;2
20211019;2021-02-13;13;17;31;28;9;10
20199154;2019-12-25;36;40;45;24;15;9
20211018;2021-10-02;44;13;29;15;33;4
20199151;2019-12-18;23;6;17;5;7;9
20211016;2021-06-02;44;42;15;9;47;10
20199149;2019-12-14;3;48;17;4;38;9
20211015;2021-03-02;17;31;26;37;21;10
20199144;2019-02-12;39;28;14;11;42;9
20211007;2021-01-16;44;20;14;22;36;2
20199143;2019-11-30;7;25;17;48;16;3
20211005;2021-11-01;33;46;8;17;1;5
20199140;2019-11-23;4;27;28;9;22;4
20211003;2021-06-01;41;21;32;47;11;9
20199138;2019-11-18;31;44;6;15;12;7
20211001;2021-02-01;5;27;7;24;41;10
20199134;2019-09-11;26;24;6;18;29;3
20200157;2020-12-30;36;20;13;31;38;1
20199132;2019-04-11;16;9;42;1;39;7
20200150;2020-12-14;47;48;13;34;2;6
20200147;2020-07-12;45;27;48;4;38;4
20200143;2020-11-28;9;25;2;47;35;10
20200142;2020-11-25;1;26;14;31;10;4
20200137;2020-11-14;40;26;17;24;43;9
20200136;2020-11-11;15;17;10;37;16;9
20200135;2020-09-11;26;18;41;38;5;10
20200129;2020-10-26;33;7;8;12;22;5
20200122;2020-10-10;48;26;31;47;42;8
20200117;2020-09-28;33;22;44;6;35;2
20200115;2020-09-23;11;5;25;23;33;5
20200113;2020-09-19;33;42;27;46;32;7
20200112;2020-09-16;28;19;49;23;17;7
20200108;2020-07-09;37;35;31;44;14;7
20200102;2020-08-24;28;18;22;37;19;2
20200101;2020-08-22;7;11;5;32;33;5
20200097;2020-12-08;17;47;30;3;44;3
20200096;2020-10-08;28;38;2;1;11;6
20200095;2020-08-08;35;42;49;4;6;9
20200094;2020-05-08;46;32;22;15;17;8
20200091;2020-07-29;47;46;7;19;39;5
20200090;2020-07-27;19;24;45;15;25;3
20200086;2020-07-18;11;42;22;34;43;4
20200085;2020-07-15;6;12;4;35;44;3
20200081;2020-06-07;2;11;42;30;35;6
20200080;2020-04-07;23;13;27;44;36;6
20200079;2020-01-07;44;47;5;13;14;8
20200077;2020-06-27;1;39;2;6;27;4
20200072;2020-06-15;22;49;26;2;47;2
20200071;2020-06-13;25;32;6;5;28;4
20200069;2020-08-06;8;22;26;46;2;1
20200068;2020-06-06;14;7;43;44;29;5
20200067;2020-03-06;12;13;26;44;16;6
20200066;2020-01-06;24;26;2;36;32;7
20200060;2020-05-18;20;30;35;14;10;9
20200058;2020-05-13;43;4;17;38;49;8
20200057;2020-11-05;34;5;33;3;17;10
20200056;2020-09-05;48;39;29;47;35;7
20200054;2020-04-05;39;8;9;33;15;10
20200052;2020-04-29;25;29;47;5;7;1
20200049;2020-04-22;28;30;43;40;41;7
20200047;2020-04-18;45;1;33;47;27;8
20200046;2020-04-15;16;1;31;48;3;6
20200044;2020-11-04;8;43;1;48;41;7
20200041;2020-04-04;40;2;35;39;42;9
20200034;2020-03-18;48;10;46;28;29;9
20200032;2020-03-14;28;41;38;31;43;10
20200030;2020-09-03;26;41;5;33;42;7
20200023;2020-02-22;4;39;26;5;24;4
20200022;2020-02-19;40;16;21;41;46;2
20200021;2020-02-17;44;39;7;41;19;1
20200020;2020-02-15;48;4;25;5;45;7
20200016;2020-05-02;30;21;6;11;29;4
20200015;2020-03-02;49;20;7;31;33;4
20200014;2020-01-02;36;25;22;21;16;9
20200008;2020-01-18;12;1;33;13;2;9
20200006;2020-01-13;16;11;25;32;14;9
20200004;2020-08-01;17;44;29;16;37;8
20200003;2020-06-01;49;10;19;26;30;3
20200002;2020-04-01;22;9;43;31;34;5
20199156;2019-12-30;12;38;34;32;48;6
20199155;2019-12-28;24;48;49;18;8;8
20199152;2019-12-21;48;23;27;19;22;2
20199150;2019-12-16;38;26;39;35;10;6
20199141;2019-11-25;44;41;35;33;38;8
20199139;2019-11-20;22;23;7;30;37;3
20199137;2019-11-16;10;49;30;12;29;9
20199136;2019-11-13;22;13;10;35;19;1
2019129;2019-10-28;46;17;36;35;18;4
2019127;2019-10-23;49;44;31;33;40;1
2019131;2019-02-11;41;1;18;16;13;3
2019126;2019-10-21;13;42;40;48;3;4
2019124;2019-10-16;19;30;5;18;35;2
2019125;2019-10-19;36;23;24;31;32;8
2019118;2019-02-10;33;37;32;35;49;3
2019123;2019-10-14;16;48;18;24;6;9
2019109;2019-11-09;35;19;6;27;14;10
2019122;2019-12-10;27;16;12;37;10;9
2019105;2019-02-09;6;2;44;33;21;4
2019121;2019-09-10;14;39;17;44;36;5
2019099;2019-08-19;14;31;7;28;2;3
2019119;2019-05-10;30;2;38;16;31;5
2019098;2019-08-17;1;21;28;8;37;2
2019113;2019-09-21;15;42;41;44;8;10
2019097;2019-08-14;45;17;27;48;34;2
2019108;2019-09-09;42;2;44;28;5;8
2019096;2019-12-08;31;30;9;20;34;10
2019107;2019-07-09;16;12;27;30;2;2
2019092;2019-03-08;10;4;5;23;7;4
2019106;2019-04-09;25;2;4;7;35;3
2019087;2019-07-22;28;37;44;11;7;3
2019104;2019-08-31;47;21;25;19;38;4
2019086;2019-07-20;21;17;29;35;18;6
2019103;2019-08-28;14;25;47;7;42;5
2019084;2019-07-15;10;1;19;13;3;4
2019102;2019-08-26;4;21;46;27;47;6
2019077;2019-06-29;46;42;1;4;3;3
2019101;2019-08-24;23;31;15;38;17;4
2019076;2019-06-26;4;47;43;30;7;10
2019100;2019-08-21;17;3;38;1;25;8
2019075;2019-06-24;33;16;1;32;45;6
2019093;2019-05-08;5;45;22;26;33;9
2019066;2019-03-06;42;12;9;41;33;1
2019089;2019-07-27;25;28;39;47;31;8
2019065;2019-01-06;35;26;13;45;20;3
2019085;2019-07-17;26;4;27;47;28;8
2019057;2019-05-13;15;24;37;40;41;4
2019081;2019-08-07;26;11;38;20;33;10
2019056;2019-11-05;24;44;34;19;45;2
2019080;2019-06-07;13;6;2;27;12;10
2019051;2019-04-29;33;43;39;6;29;2
2019074;2019-06-22;13;20;10;25;27;2
2019049;2019-04-24;3;11;35;13;15;3
2019073;2019-06-19;45;46;4;36;18;5
2019048;2019-04-22;39;7;21;29;5;7
2019071;2019-06-15;2;13;20;30;37;6
2019045;2019-04-15;32;44;40;17;38;6
2019069;2019-10-06;9;24;18;49;39;8
2019040;2019-03-04;16;38;18;45;10;3
2019068;2019-08-06;14;41;9;10;45;1
2019037;2019-03-27;49;45;25;10;19;1
2019063;2019-05-27;33;13;28;18;42;9
2019031;2019-03-13;29;5;20;8;32;3
2019062;2019-05-25;42;47;2;13;43;10
2019060;2019-05-20;32;14;43;29;41;1
2019059;2019-05-18;19;4;10;42;46;5
2019054;2019-06-05;23;38;5;24;35;3
2019053;2019-04-05;38;18;3;24;29;9
2019052;2019-01-05;26;48;25;16;34;8
2019050;2019-04-27;27;17;26;25;33;2
2019046;2019-04-17;29;17;34;48;8;3
2019044;2019-04-13;17;9;1;24;46;8
2019042;2019-08-04;24;9;26;15;13;9
2019041;2019-06-04;19;26;13;27;24;7
2019039;2019-01-04;32;14;35;46;11;10
2019036;2019-03-25;46;47;23;22;24;2
2019035;2019-03-23;12;1;40;28;26;6
2019034;2019-03-20;13;3;21;2;40;8
2019032;2019-03-16;33;19;1;31;22;1
2019027;2019-04-03;4;15;11;36;33;2
2019026;2019-02-03;46;42;38;25;16;9
2019025;2019-02-27;14;1;34;19;4;2
2019130;2019-10-30;46;13;48;2;22;1
2019128;2019-10-26;11;30;44;13;20;9
2019120;2019-07-10;19;4;2;35;11;5
2019117;2019-09-30;43;2;33;23;47;2
2019116;2019-09-28;18;15;12;19;40;5
2019115;2019-09-25;7;1;26;22;15;3
2019114;2019-09-23;36;20;42;34;29;4
2019112;2019-09-18;16;6;36;5;3;10
2019111;2019-09-16;42;35;31;32;13;5
2019110;2019-09-14;28;23;18;26;19;9
2019095;2019-10-08;37;4;12;9;18;3
2019094;2019-07-08;26;28;36;29;5;4
2019091;2019-07-31;32;18;8;36;30;5
2019090;2019-07-29;6;29;3;47;21;3
2019088;2019-07-24;39;25;10;32;40;10
2019083;2019-07-13;27;18;49;37;48;10
2019082;2019-10-07;7;21;29;35;47;6
2019079;2019-03-07;39;38;8;31;45;8
2019078;2019-01-07;38;23;41;3;17;3
2019072;2019-06-17;20;49;31;12;13;2
2019070;2019-12-06;25;31;45;38;3;9
2019067;2019-05-06;28;47;26;38;17;7
2019064;2019-05-29;36;48;14;13;6;2
2019061;2019-05-22;1;48;27;49;37;1
2019058;2019-05-15;38;44;46;27;42;1
2019055;2019-08-05;2;16;4;20;35;5
2019047;2019-04-20;4;30;15;49;45;3
2019043;2019-10-04;22;23;14;42;16;5
2019038;2019-03-30;15;44;41;3;2;3
2019033;2019-03-18;38;23;45;24;44;6
2019030;2019-11-03;25;24;16;6;5;1
2019029;2019-09-03;32;47;43;35;15;10
2019028;2019-06-03;14;23;15;44;46;5
2019023;2019-02-23;3;45;13;4;44;5
2019013;2019-01-30;20;47;15;11;30;9
2019012;2019-01-28;37;15;30;6;47;6
2019009;2019-01-21;17;26;30;47;20;6
2019007;2019-01-16;15;11;10;1;31;3
2019005;2019-12-01;19;24;11;34;25;8
2019003;2019-07-01;1;19;12;31;7;10
2019002;2019-05-01;48;18;40;7;6;7
2018156;2018-12-29;26;30;42;38;12;5
2018145;2018-03-12;1;15;9;19;39;5
2018137;2018-11-14;36;41;15;49;48;5
2018134;2018-07-11;33;27;3;20;6;8
2018130;2018-10-29;9;42;24;43;22;7
2018125;2018-10-17;33;13;7;2;41;1
2018123;2018-10-13;1;36;45;4;22;8
2018122;2018-10-10;5;24;38;29;4;3
2018121;2018-08-10;46;1;4;23;24;2
2019024;2019-02-25;7;44;37;48;38;7
2018120;2018-06-10;49;39;8;48;1;9
2019022;2019-02-20;25;29;8;34;15;1
2018115;2018-09-24;12;30;17;8;6;3
2019021;2019-02-18;18;9;11;33;7;9
2018114;2018-09-22;14;37;39;18;38;9
2019020;2019-02-16;8;7;25;11;46;7
2018112;2018-09-17;43;42;8;15;26;5
2019019;2019-02-13;43;41;29;14;7;3
2018111;2018-09-15;11;26;1;46;13;5
2019018;2019-11-02;43;15;13;48;25;5
2018108;2018-08-09;6;19;22;34;20;10
2019017;2019-09-02;47;40;45;42;3;9
2018107;2018-05-09;7;39;34;6;15;1
2019016;2019-06-02;4;15;21;26;22;10
2018106;2018-03-09;18;2;15;1;41;10
2019015;2019-04-02;40;12;37;24;42;1
2018105;2018-01-09;32;35;11;41;42;6
2019014;2019-02-02;32;27;5;7;35;3
2018104;2018-08-29;17;45;19;40;31;1
2019006;2019-01-14;35;33;44;1;11;10
2018101;2018-08-22;16;42;12;6;40;3
2019004;2019-09-01;6;19;46;21;15;10
2018100;2018-08-20;15;48;42;18;40;10
2019001;2019-02-01;36;12;29;2;26;7
2018094;2018-06-08;30;4;37;32;23;6
2018153;2018-12-22;44;46;31;11;22;5
2018091;2018-07-30;33;7;13;41;43;2
2018151;2018-12-17;2;9;25;35;30;9
2018090;2018-07-28;7;23;13;18;21;10
2018150;2018-12-15;38;1;3;32;30;6
2018078;2018-06-30;5;36;23;29;45;7
2018149;2018-12-12;39;21;45;12;44;5
2018076;2018-06-25;14;9;21;13;32;5
2018148;2018-10-12;8;34;16;13;37;10
2018075;2018-06-23;41;32;49;10;36;10
2018146;2018-05-12;6;19;41;17;18;9
2018069;2018-09-06;7;16;5;9;12;10
2018144;2018-01-12;15;6;3;23;39;2
2018068;2018-06-06;43;5;33;6;47;2
2018140;2018-11-21;22;45;20;21;23;10
2018064;2018-05-28;35;10;25;21;23;10
2018139;2018-11-19;33;46;21;20;28;7
2018063;2018-05-26;26;24;2;43;3;8
2018138;2018-11-17;42;20;27;22;12;7
2018062;2018-05-23;14;29;3;36;25;9
2018133;2018-05-11;9;11;39;29;32;8
2018055;2018-07-05;43;13;10;23;46;6
2018131;2018-10-31;34;14;2;28;38;4
2018054;2018-05-05;9;30;47;41;15;5
2018129;2018-10-27;26;21;36;29;35;9
2018053;2018-02-05;8;1;14;10;21;10
2018128;2018-10-24;28;45;34;36;9;6
2018052;2018-04-30;43;48;49;36;7;7
2018127;2018-10-22;10;4;29;19;47;6
2018051;2018-04-28;36;14;40;31;47;2
2018124;2018-10-15;8;14;25;19;49;5
2018046;2018-04-16;16;25;6;21;26;5
2018118;2018-01-10;6;1;40;7;2;4
2018039;2018-03-31;42;2;41;18;31;8
2018116;2018-09-26;40;18;15;36;10;3
2018034;2018-03-19;20;15;27;46;24;10
2018113;2018-09-19;15;42;4;27;25;5
2018033;2018-03-17;48;43;36;30;13;9
2018103;2018-08-27;40;17;24;18;10;2
2018031;2018-12-03;27;7;10;38;13;8
2018099;2018-08-18;33;37;31;16;49;8
2018030;2018-10-03;5;47;23;21;18;6
2018098;2018-08-15;40;21;47;27;6;8
2018029;2018-07-03;13;6;18;36;37;5
2018095;2018-08-08;5;19;29;15;24;8
2018028;2018-05-03;44;38;25;17;41;9
2018088;2018-07-23;7;20;41;40;11;6
2018026;2018-02-28;42;5;49;31;28;7
2018086;2018-07-18;18;26;27;43;35;7
2018020;2018-02-14;13;3;44;19;5;4
2018083;2018-11-07;11;46;1;22;42;4
2018017;2018-07-02;44;13;17;48;33;3
2018079;2018-02-07;48;38;36;45;16;8
2018015;2018-03-02;22;9;23;38;13;4
2018074;2018-06-20;43;33;8;30;6;3
2018009;2018-01-20;44;32;27;38;46;7
2018072;2018-06-16;35;17;8;43;19;9
2018006;2018-01-13;48;35;20;31;36;10
2018061;2018-05-21;20;4;46;16;5;5
2017148;2017-11-12;47;34;26;43;29;4
2018060;2018-05-19;5;47;30;45;12;9
2017147;2017-09-12;48;49;10;46;23;8
2018059;2018-05-16;44;37;7;23;41;8
2017144;2017-02-12;24;45;39;33;35;1
2018056;2018-09-05;10;23;35;34;5;6
2017142;2017-11-27;36;5;6;39;46;6
2018050;2018-04-25;21;23;5;10;36;1
2017141;2017-11-25;43;1;48;2;47;10
2018048;2018-04-21;26;20;2;11;39;5
2017137;2017-11-15;12;10;16;35;14;6
2018042;2018-07-04;26;34;10;45;7;7
2017136;2017-11-13;30;29;24;3;43;5
2018032;2018-03-14;36;46;13;4;3;10
2017135;2017-11-11;40;47;48;1;36;3
2018025;2018-02-26;13;34;39;42;37;3
2017132;2017-04-11;23;7;38;35;6;7
2018024;2018-02-24;12;6;9;31;43;3
2017131;2017-01-11;18;8;26;9;32;1
2018019;2018-12-02;27;35;48;3;32;9
2017125;2017-10-18;5;13;25;12;24;7
2018016;2018-05-02;7;29;1;30;45;7
2017124;2017-10-16;39;48;30;5;32;8
2018013;2018-01-29;11;32;27;36;21;6
2017120;2017-07-10;41;44;8;37;46;3
2018011;2018-01-24;9;37;35;23;28;5
2017111;2017-09-16;37;46;4;18;16;5
2018010;2018-01-22;31;11;16;1;14;2
2017110;2017-09-13;18;45;4;25;33;1
2018008;2018-01-17;16;25;40;49;4;3
2017108;2017-09-09;44;13;19;15;39;1
2018007;2018-01-15;15;28;22;2;5;2
2017107;2017-06-09;49;46;28;19;39;4
2018005;2018-10-01;7;49;18;9;16;3
2017106;2017-04-09;33;6;27;1;35;9
2018004;2018-08-01;8;44;37;43;45;2
2017101;2017-08-23;32;23;16;1;4;7
2018003;2018-06-01;45;40;17;6;31;9
2017100;2017-08-21;8;36;43;27;14;5
2018002;2018-03-01;34;44;27;23;4;4
2017097;2017-08-14;13;15;39;2;9;4
2017156;2017-12-30;40;28;35;13;12;8
2017094;2017-07-08;38;24;42;21;14;4
2017154;2017-12-25;3;31;6;10;29;8
2017086;2017-07-19;16;26;6;8;9;7
2017140;2017-11-22;30;1;10;2;39;8
2017083;2017-12-07;3;16;31;43;18;5
2017133;2017-06-11;30;45;49;27;48;1
2017080;2017-05-07;18;29;17;34;8;6
2017130;2017-10-30;32;42;12;44;34;5
2017075;2017-06-24;48;27;23;35;24;5
2017123;2017-10-14;18;20;38;43;47;3
2017074;2017-06-21;12;22;34;18;39;6
2017122;2017-11-10;44;48;6;29;15;4
2017071;2017-06-14;44;43;49;41;31;5
2017119;2017-04-10;45;34;20;30;1;9
2017068;2017-07-06;22;43;36;40;21;5
2017118;2017-02-10;1;11;28;12;20;7
2017053;2017-03-05;20;15;27;46;6;3
2017116;2017-09-27;13;10;16;42;35;4
2017051;2017-04-29;48;37;46;44;34;9
2017114;2017-09-23;15;33;22;19;37;4
2017050;2017-04-26;27;6;8;14;16;5
2017105;2017-02-09;10;14;1;40;18;7
2017048;2017-04-22;17;21;31;1;46;5
2017099;2017-08-19;39;8;40;21;7;7
2017047;2017-04-19;47;39;38;41;48;9
2017098;2017-08-16;31;29;25;19;41;4
2017046;2017-04-17;8;36;46;4;33;7
2017092;2017-02-08;34;30;9;12;32;7
2017042;2017-08-04;17;44;18;45;29;5
2017090;2017-07-29;24;41;45;23;10;1
2017035;2017-03-22;43;25;28;2;11;5
2017087;2017-07-22;40;30;16;5;28;9
2017034;2017-03-20;42;39;28;13;40;1
2017084;2017-07-15;34;37;24;48;29;2
2017033;2017-03-18;33;18;1;30;6;2
2017079;2017-03-07;48;8;10;28;2;2
2017072;2017-06-17;26;25;40;14;39;3
2017070;2017-12-06;5;29;4;7;27;5
2017069;2017-10-06;49;34;37;36;8;10
2017067;2017-05-06;49;12;17;41;21;7
2017062;2017-05-24;17;22;18;8;30;5
2017059;2017-05-17;25;44;6;30;22;7
2017056;2017-10-05;30;22;20;43;12;9
2017055;2017-08-05;33;7;47;22;43;6
2017052;2017-01-05;18;46;37;16;35;6
2017049;2017-04-24;7;42;28;45;41;9
2017040;2017-03-04;34;16;44;3;9;3
2017038;2017-03-29;35;14;10;26;25;5
2017037;2017-03-27;2;49;9;38;18;8
2017028;2017-06-03;26;10;6;41;3;9
2019011;2019-01-26;30;14;12;16;42;2
2019010;2019-01-23;25;17;41;24;38;10
2019008;2019-01-19;37;10;39;16;34;7
2018157;2018-12-31;43;24;34;27;14;10
2018155;2018-12-26;45;9;5;24;11;10
2018154;2018-12-24;10;22;34;43;46;2
2018152;2018-12-19;21;3;25;10;11;3
2018147;2018-08-12;25;38;11;29;14;8
2018143;2018-11-28;3;38;30;10;15;6
2018142;2018-11-26;36;30;34;14;21;2
2018141;2018-11-24;15;11;5;22;10;5
2018136;2018-12-11;13;14;37;21;15;7
2018135;2018-10-11;20;43;18;44;30;7
2018132;2018-03-11;6;29;8;9;39;2
2018126;2018-10-20;7;17;31;12;48;8
2018119;2018-03-10;31;24;11;20;32;8
2018117;2018-09-29;31;7;15;10;17;4
2018110;2018-12-09;11;33;24;35;4;9
2018109;2018-10-09;27;20;19;46;38;10
2018102;2018-08-25;29;6;15;44;16;3
2018097;2018-08-13;10;19;21;2;40;6
2018096;2018-11-08;41;27;44;46;14;5
2018093;2018-04-08;41;23;9;32;38;3
2018092;2018-01-08;47;15;45;35;17;4
2018089;2018-07-25;35;27;22;20;30;3
2018087;2018-07-21;44;18;9;28;1;10
2018085;2018-07-16;36;31;9;16;3;1
2018084;2018-07-14;47;37;45;3;20;3
2018082;2018-09-07;9;21;19;36;40;1
2018081;2018-07-07;41;3;34;11;10;10
2018080;2018-04-07;41;23;16;20;45;5
2018077;2018-06-27;26;11;9;41;8;10
2018073;2018-06-18;34;2;7;13;44;8
2018071;2018-06-13;20;48;15;29;49;1
2018070;2018-11-06;44;41;49;25;14;4
2018067;2018-04-06;8;38;48;16;35;2
2018066;2018-02-06;18;13;31;7;35;4
2018065;2018-05-30;4;44;41;36;33;6
2018058;2018-05-14;40;33;23;1;5;8
2018057;2018-12-05;6;23;9;47;5;10
2018049;2018-04-23;2;33;20;29;32;8
2018047;2018-04-18;18;11;38;17;46;8
2018045;2018-04-14;24;5;49;36;1;7
2018044;2018-11-04;40;46;32;17;1;8
2018043;2018-09-04;1;32;20;28;42;6
2018041;2018-04-04;19;40;22;45;36;6
2018040;2018-02-04;28;34;18;13;14;2
2018038;2018-03-28;43;39;15;5;45;10
2018037;2018-03-26;27;17;37;10;4;10
2018036;2018-03-24;31;11;44;35;26;9
2018035;2018-03-21;31;45;21;30;29;2
2018027;2018-03-03;3;4;8;2;31;9
2018023;2018-02-21;12;41;2;28;16;1
2018022;2018-02-19;32;9;8;29;28;2
2018021;2018-02-17;49;48;14;22;38;9
2018018;2018-10-02;19;31;2;40;42;5
2018014;2018-01-31;29;26;16;4;49;1
2018012;2018-01-27;45;10;9;34;39;10
2018001;2018-01-01;7;43;10;9;14;1
2017155;2017-12-27;22;6;48;7;14;8
2017153;2017-12-23;4;6;44;8;48;10
2017152;2017-12-20;6;11;13;24;10;9
2017151;2017-12-18;11;39;48;10;29;9
2017150;2017-12-16;48;20;15;9;49;6
2017149;2017-12-13;17;49;24;43;28;8
2017146;2017-06-12;27;12;38;7;30;1
2017145;2017-04-12;43;32;15;23;41;8
2017143;2017-11-29;8;20;3;12;13;4
2017139;2017-11-20;6;30;40;43;35;3
2017138;2017-11-18;13;9;17;37;48;1
2017134;2017-08-11;37;41;13;26;2;5
2017129;2017-10-28;22;12;47;5;29;8
2017128;2017-10-25;9;3;19;41;43;8
2017127;2017-10-23;12;21;47;44;25;3
2017126;2017-10-21;2;42;6;20;21;8
2017121;2017-09-10;47;30;6;15;3;9
2017117;2017-09-30;16;44;3;38;27;7
2017115;2017-09-25;37;16;17;33;34;6
2017113;2017-09-20;37;6;4;17;22;6
2017112;2017-09-18;12;25;37;29;34;9
2017109;2017-11-09;23;42;48;45;12;9
2017104;2017-08-30;29;26;7;12;47;9
2017103;2017-08-28;6;8;20;24;42;6
2017102;2017-08-26;10;40;35;32;38;3
2017096;2017-12-08;13;36;41;15;5;10
2017095;2017-09-08;32;38;36;31;49;1
2017093;2017-05-08;3;25;30;13;37;2
2017091;2017-07-31;45;37;47;25;31;7
2017089;2017-07-26;13;44;35;3;25;2
2017088;2017-07-24;14;11;38;21;35;3
2017085;2017-07-17;40;41;5;33;16;2
2017082;2017-10-07;23;43;17;21;18;4
2017081;2017-08-07;9;30;46;43;31;10
2017078;2017-01-07;26;47;16;33;21;8
2017077;2017-06-28;48;30;37;29;9;1
2017076;2017-06-26;1;49;5;29;38;9
2017073;2017-06-19;25;43;18;47;40;9
2017066;2017-03-06;23;45;36;34;44;3
2017065;2017-05-31;1;36;9;41;27;1
2017064;2017-05-29;40;43;39;41;1;9
2017063;2017-05-27;9;8;28;40;17;8
2017061;2017-05-22;27;21;22;7;31;10
2017060;2017-05-20;33;31;28;34;42;3
2017058;2017-05-15;22;13;1;27;5;1
2017057;2017-05-13;16;13;9;28;47;10
2017054;2017-06-05;27;41;34;6;45;5
2017045;2017-04-15;28;29;41;40;49;5
2017044;2017-12-04;48;18;3;28;40;7
2017043;2017-10-04;11;3;20;14;1;2
2017041;2017-05-04;10;40;42;20;6;10
2017039;2017-01-04;46;2;44;9;25;9
2017036;2017-03-25;2;5;8;43;49;1
2017032;2017-03-15;25;5;46;36;31;8
2017031;2017-03-13;16;21;34;48;24;3
2017030;2017-11-03;1;39;31;13;42;7
2017029;2017-08-03;40;16;46;42;47;2
2017027;2017-04-03;28;14;37;32;4;4
2017015;2017-04-02;32;22;1;35;37;7
2017009;2017-01-21;40;36;32;8;31;6
2016157;2016-12-31;45;49;43;33;4;8
2016147;2016-07-12;5;44;7;2;45;3
2016138;2016-11-16;37;48;1;26;24;7
2016135;2016-09-11;3;22;47;14;8;5
2016129;2016-10-26;1;46;20;40;35;10
2016121;2016-08-10;5;26;28;46;35;9
2017024;2017-02-25;40;32;43;11;48;2
2016119;2016-03-10;46;43;7;22;8;10
2017018;2017-11-02;37;17;29;15;1;3
2016116;2016-09-26;4;23;26;19;27;7
2017016;2017-06-02;19;31;33;40;30;2
2016115;2016-09-24;33;32;31;41;43;10
2017010;2017-01-23;15;5;17;49;31;9
2016114;2016-09-21;30;15;40;13;20;10
2017008;2017-01-18;48;29;34;5;47;4
2016110;2016-12-09;6;5;11;13;22;10
2017004;2017-09-01;21;16;6;42;2;7
2016107;2016-05-09;43;48;7;42;30;4
2017003;2017-07-01;33;46;24;21;22;8
2016106;2016-03-09;36;24;45;49;47;5
2017002;2017-04-01;17;36;16;26;38;7
2016104;2016-08-29;44;36;49;25;48;2
2016156;2016-12-28;34;35;16;39;15;4
2016101;2016-08-22;21;44;42;12;34;7
2016150;2016-12-14;10;9;44;14;46;7
2016100;2016-08-20;35;10;28;43;15;9
2016149;2016-12-12;12;14;11;6;36;6
2016099;2016-08-17;12;21;35;24;40;4
2016148;2016-10-12;41;43;27;24;28;9
2016098;2016-08-15;16;31;25;27;26;7
2016142;2016-11-26;9;21;44;6;11;7
2016097;2016-08-13;33;1;9;6;46;6
2016141;2016-11-23;47;7;25;2;12;7
2016096;2016-10-08;49;30;19;17;7;3
2016140;2016-11-21;7;18;12;45;3;8
2016093;2016-03-08;18;27;39;44;24;3
2016139;2016-11-19;34;48;41;46;36;7
2016089;2016-07-25;3;29;46;5;1;4
2016136;2016-12-11;29;11;19;16;2;8
2016087;2016-07-20;32;1;13;29;46;1
2016133;2016-05-11;16;42;21;6;34;5
2016079;2016-02-07;8;24;31;17;16;5
2016130;2016-10-29;21;36;44;26;14;4
2016077;2016-06-27;22;23;8;41;24;7
2016128;2016-10-24;18;29;36;17;23;7
2016074;2016-06-20;38;4;45;13;43;10
2016126;2016-10-19;32;28;29;26;38;1
2016070;2016-11-06;7;17;22;46;44;6
2016124;2016-10-15;47;30;41;32;39;7
2016069;2016-08-06;45;6;8;49;33;9
2016123;2016-12-10;2;19;34;47;23;2
2016067;2016-04-06;39;2;16;19;25;1
2016122;2016-10-10;18;19;3;48;9;2
2016066;2016-01-06;27;35;26;44;22;10
2016118;2016-01-10;13;42;8;16;23;1
2016065;2016-05-30;6;38;7;13;40;3
2016111;2016-09-14;29;18;37;7;47;7
2016062;2016-05-23;41;48;22;26;7;2
2016108;2016-07-09;26;34;38;13;42;9
2016061;2016-05-21;41;26;23;12;48;4
2016102;2016-08-24;3;4;34;41;42;2
2016052;2016-04-30;49;29;2;30;36;7
2016095;2016-08-08;1;26;2;36;3;7
2016051;2016-04-27;9;36;25;45;44;10
2016090;2016-07-27;34;7;44;19;8;6
2016047;2016-04-18;47;29;24;38;26;7
2016088;2016-07-23;2;27;33;21;15;10
2016041;2016-04-04;36;7;48;11;8;3
2016084;2016-07-13;30;28;47;34;7;10
2016040;2016-02-04;29;34;18;22;19;1
2016083;2016-11-07;36;35;2;25;27;4
2016039;2016-03-30;43;20;46;35;23;6
2016080;2016-04-07;12;10;25;22;47;1
2016035;2016-03-21;3;34;42;37;10;2
2016073;2016-06-18;18;33;10;20;39;3
2016034;2016-03-19;49;13;4;36;18;5
2016068;2016-06-06;23;32;48;47;25;5
2016025;2016-02-27;11;47;13;10;28;6
2016064;2016-05-28;19;3;1;14;13;6
2016019;2016-02-13;38;30;27;41;10;4
2016063;2016-05-25;20;12;36;21;4;3
2016016;2016-06-02;44;25;2;41;28;9
2016060;2016-05-18;22;1;40;38;49;9
2016015;2016-03-02;5;44;24;28;25;3
2016059;2016-05-16;36;38;31;6;16;1
2016008;2016-01-18;2;5;3;10;1;4
2016058;2016-05-14;42;28;30;1;27;5
2016006;2016-01-13;30;11;35;33;3;2
2016054;2016-04-05;15;7;42;8;24;9
2016005;2016-11-01;41;29;19;43;14;9
2016053;2016-02-05;47;36;43;48;26;6
2015154;2015-12-26;15;21;20;38;43;1
2016050;2016-04-25;39;19;13;18;22;6
2015153;2015-12-23;13;17;28;46;42;2
2016048;2016-04-20;12;15;36;41;13;9
2015142;2015-11-28;30;19;37;12;46;9
2016045;2016-04-13;31;49;34;2;4;4
2015137;2015-11-16;28;47;40;12;42;1
2016043;2016-09-04;42;49;39;14;16;6
2015136;2015-11-14;34;29;47;10;37;10
2016042;2016-06-04;21;19;28;24;44;5
2015135;2015-11-11;17;1;6;13;15;2
2016036;2016-03-23;14;19;17;8;5;9
2015133;2015-07-11;7;32;4;23;28;1
2016030;2016-09-03;40;22;20;19;41;2
2015129;2015-10-28;49;2;17;30;5;2
2016029;2016-07-03;11;6;49;41;12;1
2015126;2015-10-21;25;35;22;26;31;6
2016028;2016-05-03;34;5;14;49;23;6
2015118;2015-03-10;27;18;8;37;20;4
2016024;2016-02-24;20;18;44;1;49;7
2015111;2015-09-16;7;34;42;11;17;6
2016023;2016-02-22;23;2;5;48;26;5
2015106;2015-05-09;24;45;14;25;42;9
2016014;2016-01-02;18;36;13;40;48;4
2015105;2015-02-09;29;6;9;17;28;2
2016012;2016-01-27;31;44;48;37;32;9
2015104;2015-08-31;12;41;38;1;31;4
2016007;2016-01-16;17;45;26;27;13;6
2015102;2015-08-26;44;26;41;15;37;8
2016004;2016-09-01;22;39;4;49;45;6
2015101;2015-08-24;6;5;17;42;30;1
2016003;2016-06-01;49;22;14;5;2;4
2015098;2015-08-17;29;9;26;36;42;1
2016002;2016-04-01;34;43;23;15;40;3
2015094;2015-08-08;12;8;11;35;33;9
2016001;2016-02-01;19;44;37;46;10;10
2015093;2015-05-08;34;10;22;36;9;4
2015156;2015-12-30;16;2;34;25;1;5
2015082;2015-11-07;14;26;4;23;36;1
2015150;2015-12-16;46;41;24;35;22;10
2015081;2015-08-07;5;39;32;42;20;7
2015149;2015-12-14;31;49;7;20;11;7
2015078;2015-01-07;49;5;19;18;38;10
2015146;2015-07-12;22;28;42;37;14;10
2015076;2015-06-27;47;14;42;40;29;4
2015145;2015-05-12;9;26;47;20;27;7
2015073;2015-06-20;32;8;3;13;37;4
2015140;2015-11-23;47;12;14;37;20;6
2015070;2015-06-13;16;11;29;15;46;4
2015138;2015-11-18;25;23;5;1;47;1
2015069;2015-10-06;12;46;40;8;19;8
2015127;2015-10-24;7;12;39;29;11;2
2015067;2015-06-06;4;24;29;47;30;3
2015125;2015-10-19;36;33;31;48;47;7
2015065;2015-01-06;3;38;4;49;12;2
2015124;2015-10-17;22;33;14;46;9;8
2015061;2015-05-23;45;41;12;26;19;7
2015123;2015-10-14;38;20;33;6;35;2
2015060;2015-05-20;12;10;22;37;41;10
2015122;2015-12-10;1;16;49;3;4;4
2015055;2015-09-05;4;46;8;29;40;3
2015120;2015-07-10;29;27;2;14;28;9
2015053;2015-04-05;14;30;48;8;49;1
2015119;2015-05-10;27;28;13;31;42;6
2015052;2015-02-05;46;33;30;19;3;5
2015117;2015-09-30;16;18;15;35;26;7
2015047;2015-04-20;10;37;28;15;2;2
2015116;2015-09-28;23;39;37;36;49;8
2015043;2015-11-04;45;41;5;17;33;9
2015114;2015-09-23;35;49;18;20;31;3
2015042;2015-08-04;15;36;38;30;2;2
2015112;2015-09-19;2;25;43;16;33;9
2015040;2015-04-04;33;15;23;28;39;1
2015109;2015-12-09;41;1;30;38;31;10
2015039;2015-01-04;13;21;25;20;41;4
2015103;2015-08-29;43;40;2;38;23;8
2015037;2015-03-28;20;19;40;39;27;8
2015099;2015-08-19;21;6;45;34;38;4
2015036;2015-03-25;43;10;20;9;17;7
2015097;2015-08-15;49;13;6;25;47;4
2015033;2015-03-18;26;15;10;4;30;5
2015092;2015-03-08;48;10;49;1;39;1
2015030;2015-11-03;49;2;35;1;36;4
2015089;2015-07-27;14;28;37;41;6;5
2015028;2015-07-03;48;9;18;43;3;2
2015088;2015-07-25;43;7;5;10;13;4
2015025;2015-02-28;14;46;5;30;36;6
2015087;2015-07-22;36;30;33;31;24;1
2015020;2015-02-16;36;14;9;1;20;2
2015084;2015-07-15;46;2;30;43;14;8
2015019;2015-02-14;27;41;38;26;2;7
2015077;2015-06-29;14;16;2;12;42;7
2015018;2015-11-02;13;40;24;17;45;3
2015074;2015-06-22;35;43;37;24;38;2
2015017;2015-09-02;40;49;34;27;4;2
2015072;2015-06-17;44;30;26;48;41;1
2015015;2015-04-02;49;9;28;24;35;4
2015071;2015-06-15;35;19;37;22;16;2
2015009;2015-01-21;19;6;34;49;42;10
2015066;2015-03-06;12;18;30;25;47;2
2015007;2015-01-17;43;19;30;39;40;4
2015064;2015-05-30;43;6;30;47;45;5
2015002;2015-05-01;37;8;49;31;45;7
2015062;2015-05-25;44;35;49;15;29;3
2014156;2014-12-29;30;26;44;27;49;1
2015058;2015-05-16;39;8;22;46;23;3
2014152;2014-12-20;19;10;26;21;22;9
2015057;2015-05-13;45;22;37;15;6;5
2014151;2014-12-17;32;46;6;8;13;10
2015056;2015-11-05;49;1;34;28;31;4
2014150;2014-12-15;23;47;41;42;15;4
2015054;2015-06-05;35;32;29;7;34;10
2014149;2014-12-13;43;13;10;20;38;1
2015050;2015-04-27;15;28;43;41;5;4
2014139;2014-11-19;41;18;13;14;29;3
2015048;2015-04-22;10;43;21;25;45;5
2014137;2014-11-15;28;16;39;23;3;10
2015045;2015-04-15;43;6;10;30;39;5
2014136;2014-12-11;27;13;19;40;23;5
2015044;2015-04-13;41;9;43;48;36;2
2014135;2014-10-11;24;23;30;6;18;7
2015035;2015-03-23;48;49;3;1;20;7
2014134;2014-08-11;40;14;46;27;7;5
2015034;2015-03-21;28;47;41;22;21;5
2014133;2014-05-11;27;24;37;46;1;1
2015031;2015-03-14;30;39;3;14;8;10
2014132;2014-03-11;34;45;18;44;24;8
2015029;2015-09-03;35;31;26;34;28;5
2014124;2014-10-15;28;9;37;41;46;10
2015027;2015-04-03;32;16;8;23;34;4
2014121;2014-08-10;13;4;21;43;23;10
2015014;2015-02-02;17;16;14;1;11;10
2014120;2014-06-10;20;22;46;40;9;7
2015011;2015-01-26;18;17;27;35;40;6
2014115;2014-09-24;16;49;10;38;25;9
2015010;2015-01-24;36;44;21;13;5;1
2014111;2014-09-15;16;44;2;10;35;6
2015003;2015-07-01;20;29;21;33;7;1
2014110;2014-09-13;7;28;27;23;33;1
2014155;2014-12-27;20;48;34;39;4;10
2014109;2014-10-09;6;16;31;26;40;7
2014153;2014-12-22;34;35;23;16;6;8
2014105;2014-01-09;42;22;47;16;38;1
2014148;2014-10-12;27;11;16;3;8;6
2014093;2014-04-08;16;28;36;24;43;6
2014145;2014-03-12;49;26;28;31;11;7
2014092;2014-02-08;25;32;4;8;41;10
2014143;2014-11-29;18;44;2;47;49;2
2014091;2014-07-30;25;7;13;9;8;9
2014142;2014-11-26;5;34;47;12;20;3
2014088;2014-07-23;1;32;8;15;24;6
2014138;2014-11-17;23;47;16;48;35;10
2014085;2014-07-16;42;3;36;28;49;7
2014131;2014-01-11;48;29;2;36;9;10
2014083;2014-12-07;29;23;22;13;1;1
2014130;2014-10-29;32;18;17;6;29;9
2014079;2014-02-07;36;27;8;39;47;3
2014128;2014-10-25;14;39;24;49;47;4
2014072;2014-06-16;5;37;16;42;3;1
2014127;2014-10-22;10;19;47;35;33;2
2014070;2014-11-06;22;9;42;15;32;6
2014126;2014-10-20;30;40;13;21;26;5
2014068;2014-07-06;5;37;45;38;21;2
2014125;2014-10-18;1;43;24;15;27;7
2014067;2014-04-06;43;36;8;22;3;3
2014118;2014-01-10;17;42;44;27;16;8
2014062;2014-05-24;40;18;39;24;17;1
2014117;2014-09-29;41;28;17;4;33;5
2014061;2014-05-21;49;9;35;23;1;1
2014116;2014-09-27;26;29;9;35;38;5
2014057;2014-12-05;43;33;36;12;2;5
2014114;2014-09-22;44;31;26;1;13;6
2014056;2014-10-05;37;6;15;21;17;4
2014113;2014-09-20;34;31;25;46;22;6
2014055;2014-07-05;6;46;47;11;1;5
2014108;2014-08-09;1;40;17;43;42;10
2014051;2014-04-28;45;32;19;49;36;7
2014104;2014-08-30;25;40;30;36;6;8
2014048;2014-04-21;27;9;38;18;20;1
2014103;2014-08-27;4;44;32;22;14;2
2014043;2014-09-04;28;14;39;12;38;10
2014102;2014-08-25;26;9;45;31;43;1
2014042;2014-07-04;23;42;11;31;13;4
2014101;2014-08-23;7;17;29;26;21;7
2014041;2014-05-04;40;9;22;13;45;5
2014100;2014-08-20;22;33;31;41;15;4
2014040;2014-02-04;6;41;28;16;34;4
2014099;2014-08-18;24;45;19;1;46;3
2014030;2014-10-03;43;16;4;6;30;9
2014097;2014-08-13;3;18;13;43;28;5
2014029;2014-08-03;35;40;6;46;15;7
2014096;2014-11-08;36;32;11;46;25;7
2014028;2014-05-03;12;1;32;42;31;1
2014090;2014-07-28;45;14;1;42;43;9
2014024;2014-02-24;18;8;5;21;38;7
2014089;2014-07-26;1;5;43;41;22;4
2014022;2014-02-19;44;32;25;47;27;7
2014086;2014-07-19;8;44;29;43;45;6
2014021;2014-02-17;20;32;9;23;1;1
2014084;2014-07-14;21;41;32;38;37;9
2014020;2014-02-15;33;4;12;49;18;9
2014081;2014-07-07;31;41;32;14;13;10
2014018;2014-10-02;18;11;41;45;17;2
2014080;2014-05-07;25;11;7;33;3;6
2014016;2014-05-02;2;48;16;7;41;8
2014078;2014-06-30;47;27;5;24;46;2
2014013;2014-01-29;35;8;6;25;2;8
2014076;2014-06-25;5;4;23;30;41;4
2014007;2014-01-15;7;20;35;37;30;6
2014075;2014-06-23;40;38;32;4;31;4
2013156;2013-12-30;20;22;44;41;11;8
2014074;2014-06-21;11;3;30;29;32;1
2013153;2013-12-23;34;29;41;37;18;5
2017026;2017-01-03;33;31;16;46;20;5
2014065;2014-05-31;16;2;28;40;14;1
2013152;2013-12-21;24;18;19;33;10;4
2017025;2017-02-27;3;37;16;17;47;5
2014064;2014-05-28;9;26;8;48;46;7
2013150;2013-12-16;36;31;1;37;33;6
2017023;2017-02-22;17;25;22;35;43;10
2014063;2014-05-26;3;8;40;39;32;1
2013149;2013-12-14;46;45;8;30;18;1
2017022;2017-02-20;20;29;43;41;15;10
2014060;2014-05-19;49;41;8;9;40;3
2013148;2013-11-12;43;4;39;40;27;8
2017021;2017-02-18;32;23;49;1;3;4
2014059;2014-05-17;48;41;37;32;43;7
2013132;2013-04-11;13;18;8;24;15;6
2017020;2017-02-15;8;16;21;14;24;10
2014058;2014-05-14;6;25;21;5;33;1
2013129;2013-10-28;44;32;8;14;23;8
2017019;2017-02-13;5;16;39;44;18;3
2014054;2014-05-05;28;16;37;19;2;10
2013126;2013-10-21;25;32;35;17;36;7
2017017;2017-08-02;17;33;37;40;19;6
2014052;2014-04-30;32;35;19;23;43;10
2013124;2013-10-16;9;12;40;23;14;8
2017014;2017-01-02;45;24;17;46;9;7
2014047;2014-04-19;22;40;21;12;45;8
2013120;2013-07-10;16;31;6;46;15;5
2017013;2017-01-30;4;22;40;23;32;4
2014046;2014-04-16;26;25;12;49;8;1
2013117;2013-09-30;10;26;45;15;28;9
2017012;2017-01-28;6;5;10;2;26;5
2014045;2014-04-14;11;7;43;45;14;3
2013115;2013-09-25;6;2;44;43;12;5
2017011;2017-01-25;10;19;20;28;4;2
2014039;2014-03-31;28;6;7;32;2;4
2013113;2013-09-21;41;30;17;26;16;9
2017007;2017-01-16;35;32;14;37;26;5
2014036;2014-03-24;18;41;39;21;37;9
2013112;2013-09-18;35;26;45;4;40;3
2017006;2017-01-14;19;18;44;37;16;1
2014032;2014-03-15;5;26;30;15;37;4
2013097;2013-08-14;30;22;5;35;17;2
2017005;2017-11-01;30;13;28;22;19;3
2014031;2014-12-03;42;36;1;20;25;10
2013095;2013-10-08;19;5;41;15;24;5
2017001;2017-02-01;31;38;11;19;40;5
2014023;2014-02-22;30;26;48;32;1;10
2013092;2013-03-08;44;22;33;27;17;9
2016155;2016-12-26;3;16;27;29;37;6
2014017;2014-08-02;6;7;39;38;14;7
2013091;2013-07-31;28;31;23;41;8;7
2016154;2016-12-24;22;48;7;20;35;1
2014011;2014-01-25;18;37;17;14;30;5
2013089;2013-07-27;35;44;29;37;10;4
2016153;2016-12-21;25;42;17;39;22;6
2013155;2013-12-28;1;16;20;32;26;7
2013088;2013-07-24;27;37;19;36;44;3
2016152;2016-12-19;17;40;41;26;3;7
2013154;2013-12-25;36;23;45;28;24;3
2013085;2013-07-17;16;8;17;48;31;4
2016151;2016-12-17;13;5;16;32;2;5
2013151;2013-12-18;36;46;38;8;30;1
2013084;2013-07-15;34;7;43;33;44;9
2016146;2016-05-12;29;30;23;6;26;4
2013145;2013-04-12;21;34;27;25;29;3
2013080;2013-06-07;13;35;30;44;12;2
2016145;2016-03-12;11;13;38;4;44;7
2013141;2013-11-25;27;15;16;4;42;4
2013077;2013-06-29;23;37;8;14;9;7
2016144;2016-11-30;9;33;31;3;40;5
2013140;2013-11-23;4;2;48;12;33;9
2013076;2013-06-26;39;16;19;29;12;8
2016143;2016-11-28;41;45;20;10;38;6
2013139;2013-11-20;35;28;46;14;18;1
2013074;2013-06-22;21;26;37;16;35;8
2016137;2016-11-14;41;6;14;16;26;2
2013138;2013-11-18;36;46;29;3;28;10
2013072;2013-06-17;38;39;3;17;1;1
2016134;2016-07-11;1;46;21;6;31;6
2013137;2013-11-16;38;44;20;29;33;8
2013071;2013-06-15;32;38;26;4;23;2
2016132;2016-02-11;26;1;49;7;14;10
2013136;2013-11-13;7;38;16;36;47;6
2013070;2013-12-06;20;40;46;3;44;4
2016131;2016-10-31;11;35;16;29;41;4
2013135;2013-11-11;42;48;32;12;16;9
2013066;2013-03-06;14;4;38;34;25;9
2016127;2016-10-22;29;41;3;43;35;8
2013134;2013-09-11;39;33;12;30;9;4
2013058;2013-05-15;32;27;8;13;11;4
2016125;2016-10-17;8;31;48;39;22;4
2013130;2013-10-30;46;48;14;21;35;1
2013057;2013-05-13;23;29;40;49;15;5
2016120;2016-05-10;18;28;15;2;43;3
2013122;2013-12-10;24;32;22;4;17;8
2013055;2013-08-05;13;5;43;25;15;10
2016117;2016-09-28;44;46;29;42;45;3
2013121;2013-09-10;1;26;18;20;12;2
2013053;2013-04-05;6;13;40;45;15;4
2016113;2016-09-19;41;37;20;18;45;10
2013119;2013-05-10;9;7;14;27;38;9
2013051;2013-04-29;12;21;39;11;27;9
2016112;2016-09-17;12;3;4;34;25;2
2013118;2013-02-10;11;21;39;17;6;7
2013045;2013-04-15;45;20;21;26;46;3
2016109;2016-10-09;46;38;29;31;19;6
2013111;2013-09-16;6;15;24;38;26;5
2013039;2013-01-04;47;16;10;43;27;2
2016105;2016-08-31;12;26;19;47;10;1
2013110;2013-09-14;49;18;28;24;43;7
2013036;2013-03-25;29;25;14;41;10;4
2016103;2016-08-27;45;21;2;31;23;8
2013109;2013-11-09;35;13;7;6;23;2
2013032;2013-03-16;16;5;46;33;38;5
2016094;2016-06-08;44;12;7;25;31;10
2013108;2013-09-09;22;23;35;3;5;7
2013031;2013-03-13;13;12;34;41;40;7
2016092;2016-01-08;45;29;36;42;24;7
2013107;2013-07-09;25;24;44;11;1;3
2013024;2013-02-25;43;18;17;14;46;2
2016091;2016-07-30;30;9;22;46;23;9
2013105;2013-02-09;46;16;20;41;8;8
2013021;2013-02-18;2;13;19;41;5;5
2016086;2016-07-18;29;25;2;39;20;7
2013099;2013-08-19;40;25;2;3;46;9
2013020;2013-02-16;19;34;26;27;4;6
2016085;2016-07-16;45;21;46;48;11;4
2013093;2013-05-08;24;39;11;6;43;4
2013015;2013-04-02;34;33;18;6;30;2
2016082;2016-09-07;46;15;6;39;3;10
2013090;2013-07-29;4;34;40;35;36;5
2013014;2013-02-02;45;33;7;6;34;3
2016081;2016-06-07;26;38;47;13;16;8
2013087;2013-07-22;12;32;29;7;38;1
2013008;2013-01-19;22;23;45;42;9;8
2016078;2016-06-29;17;22;9;14;48;10
2013086;2013-07-20;48;28;9;17;30;7
2013003;2013-07-01;45;31;15;32;48;5
2016076;2016-06-25;16;20;19;35;49;3
2013078;2013-01-07;5;31;21;37;38;6
2012152;2012-12-19;5;10;25;19;49;8
2016075;2016-06-22;4;27;10;36;5;9
2013073;2013-06-19;32;22;17;43;19;1
2012151;2012-12-17;16;27;39;29;32;5
2016072;2016-06-15;34;2;8;5;33;10
2013068;2013-08-06;19;33;29;32;17;2
2012147;2012-08-12;22;47;45;24;28;2
2016071;2016-06-13;28;36;5;21;8;8
2013067;2013-05-06;27;41;23;25;4;1
2012146;2012-05-12;28;24;36;45;27;8
2016057;2016-11-05;31;44;29;19;15;10
2013064;2013-05-29;34;41;48;23;45;7
2012143;2012-11-28;16;34;28;4;11;1
2016056;2016-09-05;24;29;4;11;14;1
2013061;2013-05-22;3;34;2;17;13;9
2012138;2012-11-17;8;6;27;37;33;7
2016055;2016-07-05;35;33;42;20;14;4
2013059;2013-05-18;4;5;20;7;17;3
2012134;2012-07-11;34;16;21;2;40;7
2016049;2016-04-23;26;15;22;2;17;7
2013056;2013-11-05;26;49;45;3;16;9
2012128;2012-10-24;30;24;5;40;17;7
2016046;2016-04-16;33;25;36;39;40;9
2013054;2013-06-05;48;13;15;24;23;7
2012126;2012-10-20;34;14;11;24;41;5
2016044;2016-11-04;34;29;4;26;25;2
2013050;2013-04-27;17;26;39;19;9;10
2012125;2012-10-17;19;10;32;20;13;2
2016038;2016-03-28;26;2;28;4;15;2
2013047;2013-04-20;28;24;3;42;9;9
2012123;2012-10-13;41;49;1;35;16;4
2016037;2016-03-26;14;3;20;17;1;1
2013043;2013-10-04;9;18;3;45;28;5
2012122;2012-10-10;16;35;37;3;19;3
2016033;2016-03-16;43;18;11;7;9;10
2013040;2013-03-04;36;18;37;42;45;8
2012121;2012-08-10;39;32;24;13;27;2
2016032;2016-03-14;19;39;27;14;36;8
2013038;2013-03-30;26;10;9;30;34;2
2012118;2012-01-10;34;2;40;29;41;6
2016031;2016-12-03;27;17;9;25;46;6
2013037;2013-03-27;21;47;24;49;33;3
2012113;2012-09-19;49;5;34;27;41;7
2016027;2016-02-03;40;48;44;20;34;2
2013035;2013-03-23;17;11;41;9;24;6
2012105;2012-01-09;28;5;22;25;13;10
2016026;2016-02-29;13;3;1;24;45;1
2013034;2013-03-20;37;5;1;49;12;7
2012102;2012-08-25;9;13;2;29;10;9
2016022;2016-02-20;9;33;34;41;20;8
2013029;2013-09-03;49;4;40;11;22;5
2012100;2012-08-20;45;26;33;27;11;2
2016021;2016-02-17;29;17;40;34;2;10
2013028;2013-06-03;28;36;42;26;44;4
2012099;2012-08-18;25;26;42;12;2;7
2016020;2016-02-15;37;21;38;4;10;5
2013026;2013-02-03;18;38;5;22;30;2
2012098;2012-08-15;13;24;2;15;19;5
2016018;2016-10-02;44;46;1;27;48;10
2013025;2013-02-27;25;40;21;34;6;7
2012095;2012-08-08;32;35;42;11;1;4
2016017;2016-08-02;30;1;28;39;11;6
2013016;2013-06-02;40;3;7;33;25;1
2012094;2012-06-08;12;7;10;34;47;7
2016013;2016-01-30;1;3;31;11;49;1
2013012;2013-01-28;38;29;20;40;28;9
2012092;2012-01-08;33;45;17;30;11;6
2016011;2016-01-25;12;4;38;10;41;3
2013011;2013-01-26;18;39;2;23;34;6
2012089;2012-07-25;17;16;14;32;36;6
2016010;2016-01-23;42;3;15;41;33;3
2013010;2013-01-23;11;49;36;9;19;6
2012087;2012-07-21;22;3;1;44;40;3
2016009;2016-01-20;34;21;9;42;31;8
2013009;2013-01-21;35;7;32;38;22;6
2012085;2012-07-16;3;32;6;19;37;2
2015155;2015-12-28;10;12;7;20;45;7
2013007;2013-01-16;27;6;16;24;46;5
2012080;2012-04-07;13;40;37;17;39;6
2015152;2015-12-21;11;19;33;41;7;3
2013004;2013-09-01;30;33;22;29;26;9
2012078;2012-06-30;13;45;1;42;12;4
2015151;2015-12-19;4;25;42;39;38;7
2012154;2012-12-24;5;12;32;7;47;6
2012076;2012-06-25;27;11;40;10;13;7
2015148;2015-12-12;13;40;2;34;15;8
2012148;2012-10-12;36;16;4;20;47;8
2012074;2012-06-20;36;33;15;41;47;5
2015147;2015-09-12;6;34;12;49;10;7
2012145;2012-03-12;39;25;16;6;11;6
2012071;2012-06-13;33;48;20;8;3;10
2015144;2015-02-12;39;9;3;45;10;7
2012142;2012-11-26;35;15;48;44;9;6
2012070;2012-11-06;20;6;16;4;29;1
2015143;2015-11-30;27;19;5;35;40;9
2012141;2012-11-24;18;21;19;5;28;2
2012068;2012-06-06;21;23;12;24;13;6
2015141;2015-11-25;24;18;22;41;7;3
2012136;2012-12-11;25;45;20;6;48;7
2012067;2012-04-06;38;42;35;43;40;4
2015139;2015-11-21;43;24;12;18;16;10
2012135;2012-10-11;19;46;17;3;43;5
2012065;2012-05-30;9;30;13;17;5;3
2015134;2015-09-11;25;32;8;37;39;10
2012132;2012-03-11;15;11;9;22;36;8
2012064;2012-05-28;30;42;38;15;41;3
2015132;2015-04-11;32;11;8;21;15;6
2012130;2012-10-29;19;16;46;13;38;7
2012063;2012-05-26;27;47;40;41;29;7
2015131;2015-02-11;21;32;8;48;7;4
2012129;2012-10-27;29;2;41;47;10;1
2012062;2012-05-23;19;1;35;49;3;9
2015130;2015-10-31;33;36;48;43;34;10
2012127;2012-10-22;28;25;24;14;41;5
2012060;2012-05-19;11;23;48;24;42;2
2015128;2015-10-26;17;19;23;4;49;3
2012120;2012-06-10;27;1;47;30;39;4
2012059;2012-05-16;21;49;22;15;31;1
2015121;2015-10-10;41;23;15;30;45;7
2012116;2012-09-26;42;29;38;12;46;9
2012058;2012-05-14;26;11;3;22;43;6
2015115;2015-09-26;14;13;4;24;21;1
2012114;2012-09-22;17;23;37;44;25;9
2012057;2012-12-05;6;34;22;20;19;5
2015113;2015-09-21;42;47;28;27;12;5
2012110;2012-12-09;32;1;49;12;38;8
2012054;2012-05-05;21;10;37;8;11;9
2015110;2015-09-14;3;43;48;37;49;2
2012109;2012-10-09;19;28;43;3;25;9
2012053;2012-02-05;35;26;29;3;38;1
2015108;2015-09-09;3;19;10;44;41;7
2012108;2012-08-09;9;22;43;34;15;4
2012050;2012-04-25;44;15;20;30;29;7
2015107;2015-07-09;5;19;21;32;29;3
2012106;2012-03-09;34;27;22;18;37;3
2012048;2012-04-21;41;3;48;31;18;10
2015100;2015-08-22;19;4;20;29;49;9
2012096;2012-11-08;7;1;10;45;44;9
2012046;2012-04-16;2;21;13;1;16;2
2015096;2015-12-08;15;43;1;24;8;2
2012091;2012-07-30;35;6;38;4;13;3
2012044;2012-11-04;49;27;15;29;19;1
2015095;2015-10-08;37;44;14;12;28;5
2012090;2012-07-28;29;4;6;39;7;3
2012043;2012-09-04;26;14;31;33;2;10
2015091;2015-01-08;9;31;24;34;23;9
2012088;2012-07-23;40;31;38;23;28;3
2012040;2012-02-04;33;23;3;19;39;2
2015090;2015-07-29;22;2;3;42;36;9
2012081;2012-07-07;5;30;17;1;44;1
2012034;2012-03-19;10;28;4;11;15;4
2015086;2015-07-20;31;17;2;24;29;1
2012077;2012-06-27;22;41;5;1;11;7
2012032;2012-03-14;13;7;31;36;43;9
2015085;2015-07-18;45;41;37;35;18;3
2012072;2012-06-16;14;31;1;39;27;6
2012029;2012-07-03;6;39;31;22;16;7
2015083;2015-07-13;22;39;31;37;29;8
2012066;2012-02-06;26;9;34;39;22;1
2012028;2012-05-03;31;30;28;34;17;3
2015080;2015-06-07;17;12;36;35;43;3
2012061;2012-05-21;37;45;23;19;7;10
2012027;2012-03-03;2;24;3;39;27;8
2015079;2015-04-07;4;49;38;29;40;3
2012051;2012-04-28;48;22;10;2;37;4
2012023;2012-02-22;43;33;39;11;31;10
2015075;2015-06-24;29;49;38;25;41;2
2012049;2012-04-23;33;9;34;45;24;6
2012021;2012-02-18;49;48;5;17;47;6
2015068;2015-08-06;41;3;8;9;44;10
2012041;2012-04-04;36;40;27;38;11;8
2012018;2012-11-02;11;12;46;32;36;6
2015063;2015-05-27;22;32;42;8;29;3
2012038;2012-03-28;15;20;45;17;4;9
2012011;2012-01-25;2;23;8;30;48;5
2015059;2015-05-18;38;41;39;2;10;5
2012026;2012-02-29;14;27;11;17;35;4
2012009;2012-01-21;36;23;1;31;17;4
2015051;2015-04-29;42;20;2;35;49;3
2012025;2012-02-27;45;41;33;8;23;1
2012006;2012-01-14;1;38;19;49;29;8
2015049;2015-04-25;30;20;29;10;27;6
2012024;2012-02-25;8;7;19;4;27;1
2012001;2012-02-01;3;36;30;16;24;9
2015046;2015-04-18;44;1;49;38;20;3
2012022;2012-02-20;34;31;9;3;35;5
2011155;2011-12-26;36;43;42;23;28;4
2015041;2015-06-04;31;16;33;17;1;3
2012019;2012-02-13;23;9;22;24;36;5
2011154;2011-12-24;7;10;28;11;12;8
2015038;2015-03-30;4;20;13;10;32;1
2012017;2012-08-02;27;19;12;37;15;3
2011148;2011-10-12;14;43;26;30;28;8
2015032;2015-03-16;35;11;49;7;48;7
2012014;2012-01-02;16;5;49;43;2;7
2011145;2011-03-12;31;6;49;34;26;1
2015026;2015-02-03;17;11;27;48;23;1
2012013;2012-01-30;22;40;1;35;32;8
2011140;2011-11-21;46;33;31;49;18;1
2015024;2015-02-25;44;47;20;30;29;1
2012012;2012-01-28;23;12;47;15;18;6
2011134;2011-07-11;18;47;11;2;30;5
2015023;2015-02-23;40;3;22;4;28;2
2012010;2012-01-23;39;44;48;20;25;6
2011132;2011-02-11;2;38;44;35;42;9
2015022;2015-02-21;3;45;47;13;27;4
2012008;2012-01-18;21;9;33;13;42;4
2011131;2011-10-31;24;13;47;37;21;7
2015021;2015-02-18;44;21;29;9;25;7
2012007;2012-01-16;39;36;29;47;38;8
2011130;2011-10-29;12;17;46;42;38;8
2015016;2015-07-02;21;29;7;37;19;2
2011157;2011-12-31;32;35;17;28;2;2
2011126;2011-10-19;38;35;23;3;44;8
2015013;2015-01-31;14;31;46;25;4;5
2011152;2011-12-19;42;23;13;35;26;5
2011125;2011-10-17;14;13;18;4;48;10
2015012;2015-01-28;41;12;33;9;16;1
2011150;2011-12-14;42;14;21;33;48;1
2011123;2011-12-10;12;9;20;30;25;5
2015008;2015-01-19;25;4;18;7;35;4
2011149;2011-12-12;48;29;1;25;16;1
2011120;2011-05-10;20;2;7;42;27;5
2015006;2015-01-14;23;18;7;2;21;6
2011143;2011-11-28;11;24;1;15;2;9
2011119;2011-03-10;40;28;27;12;4;1
2015005;2015-12-01;20;15;27;13;34;1
2011142;2011-11-26;47;31;16;3;39;1
2011118;2011-01-10;25;38;14;32;15;3
2015004;2015-10-01;18;5;33;2;23;4
2011141;2011-11-23;39;16;6;10;21;5
2011116;2011-09-26;11;44;33;4;49;9
2015001;2015-03-01;31;32;12;28;48;3
2011139;2011-11-19;45;37;22;33;34;5
2011115;2011-09-24;36;4;41;33;40;6
2014157;2014-12-31;46;43;41;37;34;10
2011137;2011-11-14;25;43;18;22;3;7
2011113;2011-09-19;13;1;27;48;35;7
2014154;2014-12-24;31;36;4;22;18;7
2011129;2011-10-26;35;6;2;3;20;1
2011110;2011-12-09;13;45;18;32;30;2
2014147;2014-08-12;10;14;43;32;47;10
2011114;2011-09-21;40;20;46;19;16;4
2011107;2011-05-09;7;17;22;10;23;5
2014146;2014-06-12;43;37;20;10;18;8
2011112;2011-09-17;15;40;1;23;2;4
2011105;2011-08-31;7;42;39;9;5;3
2014144;2014-01-12;43;49;40;48;44;8
2011109;2011-10-09;15;1;28;24;10;5
2011100;2011-08-20;21;40;49;31;22;4
2014141;2014-11-24;18;47;49;32;17;3
2011103;2011-08-27;27;21;19;13;45;2
2011099;2011-08-17;8;49;29;45;3;9
2014140;2014-11-22;22;1;44;9;26;10
2011094;2011-06-08;17;13;15;4;39;4
2011096;2011-10-08;28;4;27;29;38;2
2014129;2014-10-27;13;32;12;28;33;6
2011093;2011-03-08;20;4;19;17;5;10
2011095;2011-08-08;18;12;1;26;30;9
2014123;2014-10-13;29;15;1;12;30;1
2011091;2011-07-30;8;41;20;46;12;1
2011092;2011-01-08;32;37;43;10;25;3
2014122;2014-11-10;24;19;10;28;15;9
2011089;2011-07-25;38;22;3;11;41;7
2011088;2011-07-23;43;32;18;13;46;5
2014119;2014-04-10;14;45;29;12;41;7
2011087;2011-07-20;26;45;18;23;6;6
2011086;2011-07-18;19;5;38;47;26;7
2014112;2014-09-17;23;18;10;6;3;4
2011085;2011-07-16;27;35;42;18;37;3
2011084;2011-07-13;4;46;41;12;16;6
2014107;2014-06-09;42;14;15;13;3;7
2011078;2011-06-29;38;11;37;1;18;4
2011081;2011-06-07;9;33;10;24;3;6
2014106;2014-03-09;10;38;20;4;13;4
2011076;2011-06-25;39;43;10;17;6;3
2011072;2011-06-15;47;41;9;37;36;8
2014098;2014-08-16;22;40;23;37;9;4
2011074;2011-06-20;27;2;23;8;36;9
2011069;2011-08-06;20;16;40;11;24;5
2014095;2014-09-08;34;4;5;9;21;7
2011071;2011-06-13;22;3;18;17;28;6
2011061;2011-05-21;27;15;35;5;14;10
2014094;2014-06-08;13;41;34;21;15;8
2011070;2011-11-06;39;32;44;37;5;5
2011060;2011-05-18;27;23;16;17;47;1
2014087;2014-07-21;21;3;9;27;10;4
2011068;2011-06-06;10;30;45;22;13;1
2011056;2011-09-05;13;48;3;26;22;7
2014082;2014-09-07;8;6;36;4;34;5
2011064;2011-05-28;2;5;3;1;43;9
2011055;2011-07-05;42;28;37;38;3;8
2014077;2014-06-28;40;24;22;13;43;3
2011063;2011-05-25;14;45;34;27;38;3
2011052;2011-04-30;8;49;42;9;2;3
2014073;2014-06-18;47;13;30;9;18;3
2011062;2011-05-23;15;29;38;19;33;3
2011051;2011-04-27;5;26;14;28;23;6
2014071;2014-06-14;7;24;18;34;5;5
2011059;2011-05-16;41;43;9;11;46;8
2011046;2011-04-16;17;35;24;47;6;8
2014069;2014-09-06;47;34;45;35;10;9
2011058;2011-05-14;38;31;35;42;3;8
2011044;2011-11-04;13;47;22;3;32;6
2014066;2014-02-06;41;35;47;26;22;5
2011050;2011-04-25;18;2;21;34;10;2
2011043;2011-09-04;6;20;31;22;41;8
2014053;2014-03-05;16;5;41;11;36;5
2011049;2011-04-23;40;21;28;32;8;9
2011042;2011-06-04;12;19;1;32;44;3
2014050;2014-04-26;2;38;43;14;3;4
2011048;2011-04-20;15;41;18;17;33;9
2011040;2011-02-04;5;24;7;46;35;3
2014049;2014-04-23;3;30;10;29;39;10
2011047;2011-04-18;6;10;22;7;21;5
2011038;2011-03-28;15;10;16;46;43;1
2014044;2014-12-04;5;34;42;16;10;10
2011037;2011-03-26;17;26;34;4;30;9
2011034;2011-03-19;26;10;11;23;1;8
2014038;2014-03-29;19;12;28;29;45;4
2011036;2011-03-23;13;4;24;21;10;5
2011016;2011-05-02;31;22;37;6;1;7
2014037;2014-03-26;40;47;38;11;21;6
2011033;2011-03-16;23;20;32;7;14;4
2011013;2011-01-29;14;33;44;31;12;8
2014035;2014-03-22;20;49;14;26;4;2
2011031;2011-12-03;15;34;22;33;16;9
2011011;2011-01-24;3;39;6;48;9;4
2014034;2014-03-19;27;19;5;26;28;9
2011030;2011-09-03;9;43;3;29;15;8
2011008;2011-01-17;48;49;36;24;21;5
2014033;2014-03-17;8;33;22;45;19;6
2011029;2011-07-03;7;38;23;9;17;5
2011007;2011-01-15;26;43;6;36;29;8
2014027;2014-03-03;41;40;28;21;36;10
2011025;2011-02-26;35;24;10;26;48;1
2011005;2011-10-01;35;33;40;37;11;4
2014026;2014-01-03;17;20;15;5;4;5
2011019;2011-12-02;13;38;2;45;4;2
2011002;2011-03-01;34;37;10;18;30;2
2014025;2014-02-26;19;41;5;22;33;1
2011015;2011-02-02;27;6;44;23;22;3
2010155;2010-12-27;30;44;42;39;13;9
2014019;2014-12-02;7;16;48;15;10;7
2011014;2011-01-31;20;10;13;43;3;5
2010153;2010-12-22;8;18;36;1;29;9
2014015;2014-03-02;44;33;5;1;13;2
2011009;2011-01-19;36;4;12;13;1;4
2010149;2010-12-13;6;14;49;40;9;3
2014014;2014-01-02;21;2;48;41;10;6
2011006;2011-12-01;41;40;30;28;17;7
2010146;2010-06-12;13;30;33;25;36;9
2014012;2014-01-27;46;19;33;1;48;4
2011001;2011-01-01;43;49;46;34;11;3
2010145;2010-04-12;33;12;24;7;15;6
2014010;2014-01-22;38;42;1;22;40;7
2010156;2010-12-29;47;15;46;29;11;3
2010139;2010-11-20;27;12;11;29;1;2
2014009;2014-01-20;10;1;42;40;35;5
2010154;2010-12-25;16;30;29;7;10;5
2010133;2010-06-11;24;19;35;7;42;3
2014008;2014-01-18;43;1;37;47;2;8
2010151;2010-12-18;35;41;40;11;22;7
2010127;2010-10-23;47;49;9;16;14;7
2014006;2014-01-13;33;3;47;29;20;4
2010150;2010-12-15;37;6;16;28;4;8
2010103;2010-08-28;13;16;18;20;19;2
2014005;2014-11-01;35;25;18;8;39;9
2010148;2010-11-12;38;3;9;11;28;1
2010102;2010-08-25;39;49;23;19;36;3
2014004;2014-08-01;4;42;29;45;14;8
2010147;2010-08-12;19;15;44;4;24;1
2010097;2010-08-14;21;27;9;49;11;5
2014003;2014-06-01;30;29;17;13;19;9
2010144;2010-01-12;34;14;32;31;46;3
2010091;2010-07-31;2;25;44;28;8;4
2014002;2014-04-01;1;29;45;6;16;5
2010143;2010-11-29;15;23;16;41;30;8
2010089;2010-07-26;4;42;37;23;43;7
2014001;2014-01-01;39;37;34;26;6;7
2010140;2010-11-22;4;21;17;23;26;2
2010088;2010-07-24;18;43;16;7;33;5
2013147;2013-09-12;45;33;20;24;6;6
2010138;2010-11-17;30;38;4;9;46;10
2010086;2010-07-19;27;24;16;10;47;5
2013146;2013-07-12;17;14;2;8;34;7
2010136;2010-11-13;5;17;25;38;29;2
2010085;2010-07-17;32;28;47;20;22;6
2013144;2013-02-12;33;34;19;40;36;5
2010135;2010-10-11;47;48;20;39;16;4
2010084;2010-07-14;48;30;5;26;11;1
2013143;2013-11-30;19;36;20;40;2;2
2010134;2010-08-11;35;6;9;14;47;9
2010083;2010-12-07;47;11;15;24;38;6
2013142;2013-11-27;16;12;45;34;11;9
2010132;2010-03-11;46;33;15;6;49;1
2010079;2010-03-07;10;46;2;33;28;8
2013133;2013-06-11;20;40;30;16;6;3
2010128;2010-10-25;4;36;40;10;41;10
2010078;2010-06-30;14;44;28;18;17;2
2013131;2013-02-11;7;12;4;13;18;9
2010121;2010-09-10;17;43;23;2;26;3
2010076;2010-06-26;47;16;11;37;7;10
2013128;2013-10-26;40;3;35;42;47;7
2010116;2010-09-27;15;1;23;22;46;9
2010072;2010-06-16;40;48;15;9;3;10
2013127;2013-10-23;5;11;20;22;10;3
2010115;2010-09-25;42;5;12;29;21;2
2010071;2010-06-14;15;48;23;49;45;2
2013125;2013-10-19;33;49;44;8;25;1
2010113;2010-09-20;1;37;25;45;17;9
2010070;2010-12-06;30;43;48;24;15;7
2013123;2013-10-14;21;35;19;15;33;4
2010108;2010-08-09;24;47;21;44;13;3
2010069;2010-09-06;14;48;44;24;20;10
2013116;2013-09-28;34;29;45;1;9;5
2010107;2010-06-09;29;22;17;19;43;8
2010065;2010-05-31;46;49;32;5;33;1
2013114;2013-09-23;2;11;21;1;36;1
2010106;2010-04-09;11;42;9;49;15;3
2010063;2010-05-26;47;3;35;22;6;1
2013106;2013-04-09;49;6;25;17;42;6
2010105;2010-01-09;20;39;33;21;16;2
2010055;2010-08-05;16;29;31;39;1;2
2013104;2013-08-31;26;3;2;33;14;7
2010100;2010-08-21;8;44;14;48;29;7
2010054;2010-05-05;10;30;18;27;4;1
2013103;2013-08-28;40;23;30;2;33;1
2010096;2010-11-08;7;22;8;26;5;2
2010050;2010-04-26;29;24;4;46;7;10
2013102;2013-08-26;49;1;9;14;25;10
2010094;2010-07-08;43;6;46;27;5;7
2010049;2010-04-24;17;34;27;3;41;4
2013101;2013-08-24;39;11;5;29;41;7
2010090;2010-07-28;25;37;7;10;47;10
2010048;2010-04-21;24;26;35;9;1;4
2013100;2013-08-21;39;12;38;11;26;10
2010082;2010-10-07;27;32;12;42;30;7
2010038;2010-03-29;2;44;41;34;46;2
2013098;2013-08-17;43;33;32;26;41;10
2010077;2010-06-28;41;49;42;19;12;8
2010033;2010-03-17;46;1;24;18;9;7
2013096;2013-12-08;4;11;38;28;21;7
2010073;2010-06-19;21;23;19;36;49;4
2010032;2010-03-15;18;15;1;4;38;6
2013094;2013-07-08;45;33;16;40;3;4
2010064;2010-05-29;33;21;49;26;46;1
2010025;2010-02-27;13;40;2;10;35;1
2013083;2013-07-13;31;21;37;10;28;8
2010056;2010-10-05;41;4;35;33;10;5
2010023;2010-02-22;41;48;18;11;24;2
2013082;2013-10-07;31;37;24;39;14;7
2010053;2010-03-05;8;11;12;26;48;6
2010021;2010-02-17;23;40;26;22;29;5
2013081;2013-08-07;44;8;24;25;26;5
2010051;2010-04-28;34;49;9;25;38;1
2010018;2010-10-02;6;45;19;12;11;10
2013079;2013-03-07;36;2;7;25;39;4
2010047;2010-04-19;44;22;17;38;2;8
2010017;2010-08-02;36;13;24;7;42;4
2013075;2013-06-24;29;5;24;19;10;1
2010046;2010-04-17;24;42;16;9;32;3
2010016;2010-06-02;16;37;18;5;34;5
2013069;2013-10-06;13;15;3;35;32;1
2010044;2010-12-04;4;36;11;31;46;10
2010007;2010-01-16;21;38;32;3;33;10
2013065;2013-01-06;21;30;8;7;6;3
2010042;2010-07-04;28;11;2;33;43;1
2010005;2010-11-01;24;20;31;36;6;4
2013063;2013-05-27;37;15;9;28;13;2
2010040;2010-03-04;35;39;20;48;42;2
2010003;2010-06-01;19;49;31;44;38;3
2013062;2013-05-25;42;7;36;13;40;2
2010036;2010-03-24;28;9;35;8;42;6
2010001;2010-02-01;43;5;23;49;17;4
2013060;2013-05-20;47;27;25;23;9;3
2010035;2010-03-22;44;34;25;47;29;9
2009273;2009-12-28;23;12;15;27;46;6
2013052;2013-01-05;7;41;31;32;4;9
2010030;2010-10-03;36;13;44;1;48;2
2009268;2009-12-16;39;15;23;49;30;5
2013049;2013-04-24;1;48;13;6;5;9
2010029;2010-08-03;23;11;43;49;10;10
2009262;2009-02-12;10;47;20;28;21;6
2013048;2013-04-22;22;16;11;37;14;1
2010028;2010-06-03;5;18;26;9;36;9
2009257;2009-11-21;20;33;46;40;12;6
2013046;2013-04-17;38;16;32;12;29;8
2010027;2010-03-03;17;37;23;25;2;7
2009255;2009-11-16;20;32;36;19;27;7
2013044;2013-04-13;23;43;22;41;33;4
2010026;2010-01-03;19;11;8;48;49;7
2009254;2009-11-14;39;16;47;28;24;9
2013042;2013-08-04;19;6;38;8;37;2
2010024;2010-02-24;45;2;1;27;31;8
2009247;2009-10-28;8;11;7;37;30;3
2013041;2013-06-04;15;29;42;1;33;7
2010019;2010-02-13;1;7;38;3;14;5
2009244;2009-10-21;10;49;26;15;1;7
2013033;2013-03-18;10;20;18;24;32;9
2010014;2010-01-02;29;1;39;40;18;2
2009241;2009-10-14;6;35;36;42;24;2
2013030;2013-11-03;8;16;44;7;49;6
2010012;2010-01-27;10;15;43;45;5;9
2009236;2009-03-10;47;15;49;7;9;7
2013027;2013-04-03;47;1;45;9;30;10
2010010;2010-01-23;24;39;2;13;48;1
2009234;2009-09-28;30;20;16;3;44;4
2013023;2013-02-23;47;36;42;30;45;5
2010008;2010-01-18;8;7;22;28;38;10
2009233;2009-09-26;2;37;43;21;25;9
2013022;2013-02-20;6;8;42;27;7;1
2010006;2010-01-13;31;4;14;37;7;8
2009232;2009-09-23;24;42;4;47;5;6
2013019;2013-02-13;39;48;19;46;14;2
2010004;2010-09-01;35;4;14;23;46;7
2009231;2009-09-21;3;4;38;46;7;2
2013018;2013-11-02;25;42;1;36;45;7
2009274;2009-12-30;21;39;5;2;15;10
2009230;2009-09-19;12;27;38;33;19;7
2013017;2013-09-02;23;5;2;47;4;7
2009272;2009-12-26;7;6;41;25;16;5
2009228;2009-09-14;9;18;43;32;22;1
2013013;2013-01-30;41;31;40;11;48;5
2009271;2009-12-23;24;44;18;17;15;6
2009227;2009-12-09;41;11;4;29;7;4
2013006;2013-01-14;35;30;10;37;7;6
2009269;2009-12-19;40;15;16;6;9;6
2009223;2009-02-09;17;5;12;6;15;1
2013005;2013-12-01;13;48;40;6;37;7
2009264;2009-07-12;20;42;43;33;19;5
2009217;2009-08-19;35;42;7;33;28;10
2013002;2013-05-01;30;46;47;6;45;6
2009263;2009-05-12;28;22;7;16;39;7
2009216;2009-08-17;2;9;17;14;25;9
2013001;2013-02-01;33;21;37;22;31;4
2009261;2009-11-30;12;43;7;23;27;6
2009215;2009-08-15;1;41;32;24;27;9
2012157;2012-12-31;4;47;21;44;36;3
2009259;2009-11-25;14;33;39;15;11;6
2009212;2009-08-08;41;20;16;38;2;9
2012156;2012-12-29;45;7;11;37;23;4
2009253;2009-11-11;41;47;22;17;7;6
2009211;2009-05-08;40;10;29;20;43;7
2012155;2012-12-26;3;17;31;5;2;9
2009250;2009-04-11;33;18;19;22;23;1
2009210;2009-03-08;9;38;18;26;49;8
2012153;2012-12-22;47;1;2;34;24;1
2009245;2009-10-24;39;28;15;38;27;10
2009203;2009-07-18;44;14;26;34;9;9
2012150;2012-12-15;26;24;11;33;41;9
2009240;2009-12-10;38;7;48;43;28;5
2009201;2009-07-13;26;2;20;34;18;1
2012149;2012-12-12;37;19;32;36;20;4
2009239;2009-10-10;3;38;1;23;16;3
2009199;2009-08-07;16;4;10;6;5;3
2012144;2012-01-12;19;25;12;45;44;10
2009238;2009-07-10;4;1;21;12;46;8
2009198;2009-06-07;12;31;32;44;45;2
2012140;2012-11-21;10;43;6;4;46;10
2009237;2009-05-10;21;12;20;11;32;4
2009196;2009-01-07;34;5;28;13;29;4
2012139;2012-11-19;6;41;16;1;3;1
2009235;2009-09-30;33;35;40;5;2;4
2009193;2009-06-24;17;21;22;16;4;1
2012137;2012-11-14;29;40;39;46;21;8
2009226;2009-09-09;1;12;23;22;7;4
2009190;2009-06-17;3;27;41;8;37;2
2012133;2012-05-11;27;14;37;9;33;7
2009222;2009-08-31;16;13;1;5;20;2
2009187;2009-10-06;45;42;27;49;48;7
2012131;2012-10-31;29;23;41;16;5;1
2009221;2009-08-29;34;7;27;23;19;7
2009186;2009-08-06;31;29;41;25;22;5
2012124;2012-10-15;7;23;11;39;44;8
2009219;2009-08-24;22;18;33;28;11;2
2009179;2009-05-23;38;13;33;3;25;3
2012119;2012-03-10;16;44;25;26;24;1
2009209;2009-01-08;44;10;18;45;22;6
2009176;2009-05-16;1;2;26;44;7;9
2012117;2012-09-29;21;18;47;10;7;1
2009208;2009-07-29;16;25;14;35;3;3
2009175;2009-05-13;38;36;49;39;12;10
2012115;2012-09-24;41;18;40;1;21;6
2009206;2009-07-25;27;40;3;14;33;9
2009173;2009-09-05;45;28;22;30;20;3
2012112;2012-09-17;16;25;14;7;17;7
2009205;2009-07-22;24;35;45;28;17;6
2009169;2009-04-29;4;30;29;26;15;3
2012111;2012-09-15;17;21;43;37;15;2
2009204;2009-07-20;27;23;44;34;5;1
2009162;2009-04-13;20;24;30;11;9;1
2012107;2012-05-09;37;8;1;26;10;4
2009195;2009-06-29;35;43;9;28;10;8
2009160;2009-08-04;46;33;10;34;7;6
2012104;2012-08-29;20;29;26;11;8;9
2009194;2009-06-27;13;4;3;41;6;8
2009156;2009-03-30;32;47;45;29;24;10
2012103;2012-08-27;18;32;40;7;8;5
2009192;2009-06-22;36;17;42;28;41;4
2009155;2009-03-28;19;26;23;22;27;2
2012101;2012-08-22;14;13;18;33;22;7
2009189;2009-06-15;49;11;41;21;40;4
2009154;2009-03-25;10;34;15;33;5;7
2012097;2012-08-13;49;25;12;16;4;4
2009184;2009-03-06;46;21;32;26;14;6
2009148;2009-11-03;4;7;11;22;8;5
2012093;2012-04-08;29;49;34;26;25;6
2009182;2009-05-30;30;25;34;14;10;9
2009147;2009-09-03;27;32;5;40;3;9
2012086;2012-07-18;26;25;4;28;32;5
2009181;2009-05-27;7;48;5;3;23;7
2009144;2009-02-03;41;29;14;48;8;10
2012084;2012-07-14;22;44;40;5;41;6
2009174;2009-11-05;15;27;48;9;34;6
2009143;2009-02-28;45;14;41;25;16;10
2012083;2012-11-07;23;20;30;21;36;9
2009172;2009-06-05;48;36;13;20;44;1
2009138;2009-02-16;46;23;29;21;16;4
2012082;2012-09-07;15;38;41;45;26;3
2009168;2009-04-27;9;37;21;34;4;2
2009137;2009-02-14;12;24;18;44;16;4
2012079;2012-02-07;2;15;7;46;6;5
2009166;2009-04-22;2;31;49;33;43;9
2009133;2009-04-02;20;43;47;27;10;3
2012075;2012-06-23;41;12;6;47;27;3
2009164;2009-04-18;31;20;45;12;32;8
2009131;2009-01-31;6;31;40;18;36;7
2012073;2012-06-18;37;5;7;16;38;3
2009159;2009-06-04;43;33;48;31;28;7
2009128;2009-01-24;5;40;15;20;28;10
2012069;2012-09-06;13;25;14;18;20;6
2009158;2009-04-04;37;41;27;8;45;6
2009125;2009-01-17;2;46;27;37;5;4
2012056;2012-09-05;36;26;18;41;32;4
2009152;2009-03-21;45;32;15;2;39;10
2009124;2009-01-14;5;42;1;19;13;3
2012055;2012-07-05;21;13;26;46;12;10
2009150;2009-03-16;27;45;35;36;44;2
2009123;2009-12-01;47;11;29;4;9;8
2012052;2012-04-30;39;22;32;18;4;4
2009149;2009-03-14;27;18;20;11;38;6
2009119;2009-03-01;47;22;24;12;38;1
2012047;2012-04-18;34;5;3;20;24;3
2009146;2009-07-03;36;15;24;2;22;8
2008118;2008-12-31;11;5;20;30;24;8
2012045;2012-04-14;1;22;45;40;3;1
2009139;2009-02-18;28;40;10;23;43;9
2008117;2008-12-29;26;38;14;21;27;4
2012042;2012-07-04;46;19;45;42;47;8
2009135;2009-09-02;17;13;31;3;46;5
2008112;2008-12-17;49;44;31;13;33;9
2012039;2012-03-31;16;25;1;26;2;9
2009134;2009-07-02;4;16;34;22;49;10
2008111;2008-12-15;48;5;15;2;27;8
2012037;2012-03-26;36;14;49;29;13;6
2009126;2009-01-19;39;38;7;32;26;9
2008105;2008-01-12;32;15;19;37;38;1
2012036;2012-03-24;48;8;18;13;11;8
2008116;2008-12-27;36;47;17;49;37;10
2008103;2008-11-26;49;11;13;25;28;5
2012035;2012-03-21;8;14;43;37;48;5
2008114;2008-12-22;5;27;2;35;48;3
2008102;2008-11-24;43;36;31;30;17;8
2012033;2012-03-17;32;14;49;23;13;1
2008113;2008-12-20;41;46;2;22;26;5
2008101;2008-11-22;45;12;30;36;20;6
2012031;2012-12-03;48;25;16;46;14;10
2008109;2008-10-12;41;38;10;35;11;3
2008099;2008-11-17;1;6;19;23;41;6
2012030;2012-10-03;2;40;4;44;37;5
2008108;2008-08-12;29;15;1;31;11;8
2008095;2008-08-11;25;35;33;5;22;9
2012020;2012-02-15;11;36;10;22;31;1
2008106;2008-03-12;26;29;34;42;31;10
2008086;2008-10-18;44;35;4;32;39;10
2012016;2012-06-02;15;49;24;13;29;3
2008104;2008-11-29;18;36;20;32;22;7
2008085;2008-10-15;49;28;18;20;40;1
2012015;2012-04-02;38;32;10;17;9;3
2008098;2008-11-15;41;10;48;43;22;3
2008083;2008-11-10;46;22;10;39;20;4
2012005;2012-11-01;9;7;44;36;23;7
2008096;2008-10-11;12;9;21;45;38;6
2008082;2008-08-10;24;48;32;41;22;1
2012004;2012-09-01;34;15;26;25;32;4
2008089;2008-10-25;13;11;22;46;19;3
2012003;2012-07-01;1;6;12;10;8;8
2008088;2008-10-22;11;28;12;48;14;2
2012002;2012-04-01;10;23;2;43;34;5
2008081;2008-06-10;19;33;41;24;27;9
2011156;2011-12-28;39;41;16;31;36;5
2011153;2011-12-21;27;42;33;45;37;2
2011151;2011-12-17;41;9;37;38;34;5
2011147;2011-07-12;32;35;31;48;8;1
2011146;2011-05-12;43;47;38;36;30;5
2011144;2011-11-30;29;2;42;49;4;2
2011138;2011-11-16;37;41;27;17;12;10
2011136;2011-12-11;44;48;13;33;12;7
2011135;2011-09-11;17;8;23;12;37;2
2011133;2011-05-11;38;2;13;32;20;10
2011128;2011-10-24;15;18;17;5;31;7
2011127;2011-10-22;45;44;32;29;6;7
2011124;2011-10-15;13;37;27;5;39;3
2011122;2011-10-10;15;47;16;45;3;7
2011121;2011-08-10;31;44;21;30;22;7
2011117;2011-09-28;16;42;36;3;8;3
2011111;2011-09-14;14;42;5;16;11;3
2011108;2011-07-09;13;40;41;3;12;7
2011106;2011-03-09;42;41;7;13;47;5
2011104;2011-08-29;46;30;12;3;10;2
2011102;2011-08-24;3;36;47;4;17;4
2011101;2011-08-22;40;36;38;44;17;1
2011098;2011-08-15;23;3;8;4;1;8
2011097;2011-08-13;3;13;4;41;5;9
2011090;2011-07-27;6;11;7;5;4;10
2011083;2011-11-07;7;43;23;48;47;9
2011082;2011-09-07;15;4;31;45;44;6
2011080;2011-04-07;14;46;31;25;37;4
2011079;2011-02-07;49;11;26;1;7;5
2011077;2011-06-27;43;5;14;20;12;3
2011075;2011-06-22;33;21;26;28;22;5
2011073;2011-06-18;9;12;43;46;33;10
2011067;2011-04-06;35;4;27;15;3;2
2011066;2011-01-06;30;45;32;25;26;5
2011065;2011-05-30;14;22;47;20;21;9
2011057;2011-11-05;45;14;26;28;38;5
2011054;2011-04-05;44;29;11;7;13;2
2011053;2011-02-05;25;23;4;1;40;2
2011045;2011-04-13;38;6;33;43;23;1
2011041;2011-04-04;12;23;37;13;10;7
2011039;2011-03-30;15;23;27;43;29;10
2011035;2011-03-21;28;23;3;40;31;1
2011032;2011-03-14;32;38;36;34;27;7
2011028;2011-05-03;11;45;44;27;31;2
2011027;2011-02-03;20;22;40;2;3;7
2011026;2011-02-28;20;49;40;17;31;6
2011024;2011-02-23;5;2;33;21;28;10
2011023;2011-02-21;36;20;21;9;46;6
2011022;2011-02-19;25;2;49;32;1;6
2011021;2011-02-16;44;35;32;8;33;9
2011020;2011-02-14;31;35;40;9;48;1
2011018;2011-09-02;15;31;41;27;43;7
2011017;2011-07-02;6;8;49;35;25;1
2011012;2011-01-26;23;45;6;48;17;1
2011010;2011-01-22;13;27;6;31;8;7
2011004;2011-08-01;47;34;12;30;31;10
2011003;2011-05-01;27;47;4;5;32;5
2010152;2010-12-20;32;23;9;6;13;4
2010142;2010-11-27;9;43;15;44;10;5
2010141;2010-11-24;32;20;22;47;14;5
2010137;2010-11-15;33;47;14;20;17;1
2010131;2010-01-11;17;24;28;1;15;10
2010130;2010-10-30;38;35;4;22;14;5
2010129;2010-10-27;32;13;15;46;3;5
2010126;2010-10-20;13;24;33;18;11;7
2010125;2010-10-18;1;31;38;26;29;5
2010124;2010-10-16;37;22;46;13;1;9
2010123;2010-10-13;33;22;9;44;25;3
2010122;2010-11-10;9;20;35;4;1;8
2010120;2010-06-10;33;6;43;25;37;1
2010119;2010-04-10;7;46;31;29;9;8
2010118;2010-02-10;35;13;16;41;7;1
2010117;2010-09-29;41;32;33;25;26;3
2010114;2010-09-22;37;38;2;14;17;1
2010112;2010-09-18;7;43;33;11;1;1
2010111;2010-09-15;40;1;30;8;38;6
2010110;2010-09-13;33;39;25;43;8;8
2010109;2010-11-09;36;41;45;13;7;5
2010104;2010-08-30;22;49;28;3;16;4
2010101;2010-08-23;49;41;9;28;16;5
2010099;2010-08-18;49;43;46;27;23;6
2010098;2010-08-16;13;22;40;28;31;9
2010095;2010-09-08;7;15;18;8;25;6
2010093;2010-04-08;32;8;46;22;9;8
2010092;2010-02-08;16;32;44;38;37;3
2010087;2010-07-21;43;45;21;3;9;1
2010081;2010-07-07;20;47;49;26;31;10
2010080;2010-05-07;39;33;43;22;31;10
2010075;2010-06-23;16;27;41;1;35;1
2010074;2010-06-21;45;35;24;37;48;2
2010068;2010-07-06;29;48;42;28;26;1
2010067;2010-05-06;37;43;31;45;22;5
2010066;2010-02-06;43;11;14;23;17;10
2010062;2010-05-24;8;35;29;12;3;1
2010061;2010-05-22;2;48;40;46;17;10
2010060;2010-05-19;24;12;17;38;30;7
2010059;2010-05-17;9;27;26;29;36;5
2010058;2010-05-15;32;31;44;27;9;8
2010057;2010-12-05;28;22;27;14;23;4
2010052;2010-01-05;39;28;3;42;6;5
2010045;2010-04-14;9;12;29;2;21;7
2010043;2010-10-04;33;13;49;36;22;4
2010041;2010-05-04;17;18;36;21;47;6
2010039;2010-03-31;46;28;21;39;49;1
2010037;2010-03-27;43;42;9;21;46;6
2010034;2010-03-20;15;36;28;49;2;3
2010031;2010-03-13;32;37;16;6;8;7
2010022;2010-02-20;34;49;36;39;23;8
2010020;2010-02-15;48;39;24;8;15;8
2010015;2010-03-02;44;48;7;30;13;7
2010013;2010-01-30;44;26;18;21;47;3
2010011;2010-01-25;6;8;31;45;36;9
2010009;2010-01-20;13;37;48;45;28;9
2010002;2010-04-01;33;21;41;18;32;9
2009270;2009-12-21;38;42;28;3;27;9
2009267;2009-12-14;46;8;26;13;38;2
2009266;2009-12-12;4;30;13;18;39;1
2009265;2009-09-12;1;31;11;22;23;1
2009260;2009-11-28;35;37;41;15;39;4
2009258;2009-11-23;13;12;3;37;30;8
2009256;2009-11-18;24;20;22;19;1;6
2009252;2009-09-11;3;2;29;48;1;9
2009251;2009-07-11;1;41;13;3;18;1
2009249;2009-02-11;17;34;23;40;9;9
2009248;2009-10-31;23;39;36;27;30;2
2009246;2009-10-26;49;47;42;1;3;7
2009243;2009-10-19;4;31;11;3;6;1
2009242;2009-10-17;12;49;8;20;16;5
2009229;2009-09-16;40;7;21;25;30;1
2009225;2009-07-09;8;21;4;31;39;2
2009224;2009-05-09;1;37;17;44;20;8
2009220;2009-08-26;44;31;7;38;14;1
2009218;2009-08-22;31;21;8;27;29;10
2009214;2009-12-08;6;33;17;34;39;5
2009213;2009-10-08;5;22;31;2;24;6
2009207;2009-07-27;18;47;7;13;48;4
2009202;2009-07-15;4;1;23;14;25;10
2009200;2009-11-07;14;17;35;5;42;1
2009197;2009-04-07;39;4;8;43;27;3
2009191;2009-06-20;26;27;49;21;33;7
2009188;2009-06-13;39;16;46;28;24;4
2009185;2009-06-06;32;46;13;33;15;10
2009183;2009-01-06;18;26;47;24;35;1
2009180;2009-05-25;46;40;6;3;25;4
2009178;2009-05-20;35;28;15;3;23;10
2009177;2009-05-18;49;26;35;34;28;4
2009171;2009-04-05;33;1;23;12;46;1
2009170;2009-02-05;7;15;11;5;23;1
2009167;2009-04-25;34;23;49;9;20;8
2009165;2009-04-20;11;34;38;43;12;3
2009163;2009-04-15;23;43;37;12;39;8
2009161;2009-11-04;21;5;2;23;19;7
2009157;2009-01-04;37;27;30;22;45;3
2009153;2009-03-23;1;25;10;2;33;4
2009151;2009-03-18;42;3;39;20;34;2
2009145;2009-04-03;7;9;29;25;10;6
2009142;2009-02-25;15;4;21;30;36;4
2009141;2009-02-23;3;14;34;31;22;7
2009140;2009-02-21;47;21;48;39;40;5
2009136;2009-11-02;35;46;10;1;14;8
2009132;2009-02-02;4;38;12;31;41;8
2009130;2009-01-28;40;7;41;38;46;5
2009129;2009-01-26;39;8;13;49;10;10
2009127;2009-01-21;32;47;10;35;3;3
2009122;2009-10-01;49;40;21;10;44;2
2009121;2009-07-01;37;39;9;33;11;8
2009120;2009-05-01;8;29;36;25;11;2
2008115;2008-12-24;33;27;2;41;4;5
2008110;2008-12-13;24;38;8;42;31;7
2008107;2008-06-12;48;2;5;13;24;4
2008100;2008-11-19;34;26;37;41;2;4
2008097;2008-12-11;45;35;34;40;23;5
2008094;2008-05-11;47;4;38;15;8;7
2008093;2008-03-11;26;2;23;20;24;8
2008092;2008-01-11;22;4;27;36;45;3
2008091;2008-10-29;43;28;22;41;49;4
2008090;2008-10-27;46;37;44;4;6;2
2008087;2008-10-20;43;7;48;31;15;3
2008084;2008-10-13;11;10;41;37;48;4
