{
  "width": 400,
  "height": 374,
  "cx": [
    [ "PRODUIT", 56 ],
    [ "EST_STOKE", 201 ],
    [ "ENTREPOT", 345 ],
    [ "CLIENT", 56 ],
    [ "PASSER", 201 ],
    [ "COMMANDE", 345 ],
    [ "ETUDIANT", 56 ],
    [ "INSCRIRE", 201 ],
    [ "COURS", 345 ]
  ],
  "cy": [
    [ "PRODUIT", 60 ],
    [ "EST_STOKE", 60 ],
    [ "ENTREPOT", 60 ],
    [ "CLIENT", 187 ],
    [ "PASSER", 187 ],
    [ "COMMANDE", 187 ],
    [ "ETUDIANT", 314 ],
    [ "INSCRIRE", 314 ],
    [ "COURS", 314 ]
  ],
  "shift": [
    [ "EST_STOKE,PRODUIT,0", 0 ],
    [ "EST_STOKE,ENTREPOT,0", 0 ],
    [ "PASSER,CLIENT,0", 0 ],
    [ "PASSER,COMMANDE,0", 0 ],
    [ "INSCRIRE,ETUDIANT,0", 0 ],
    [ "INSCRIRE,COURS,0", 0 ]
  ],
  "ratio": []
}
